nohup: ignoring input
🤖 JAGRESMAN AUTO TRADE — 2026-04-19 10:46:17.728028

[10:46:19] Scan #1 | Mode: scalping
Balance: $6.31 | PnL: $0.00
  Analyzing BTCUSDT...
    BTCUSDT: Skip — ADX 13.6 < 20 (sideways)
  Analyzing ETHUSDT...
  Analyzing SOLUSDT...
  Analyzing BNBUSDT...
  Analyzing SUIUSDT...
  Analyzing AVAXUSDT...
  Analyzing XRPUSDT...
    XRPUSDT: Skip — ADX 17.3 < 20 (sideways)
  No signals. Next scan in 5 menit.

[10:51:27] Scan #2 | Mode: scalping
Balance: $6.31 | PnL: $0.00
  Analyzing BTCUSDT...
    BTCUSDT: Skip — ADX 13.4 < 20 (sideways)
  Analyzing ETHUSDT...
  Analyzing SOLUSDT...
  Analyzing BNBUSDT...
  Analyzing SUIUSDT...
  Analyzing AVAXUSDT...
  Analyzing XRPUSDT...
    XRPUSDT: Skip — ADX 17.2 < 20 (sideways)
  No signals. Next scan in 5 menit.

[10:56:34] Scan #3 | Mode: scalping
Balance: $6.31 | PnL: $0.00
  Analyzing BTCUSDT...
    BTCUSDT: Skip — ADX 13.4 < 20 (sideways)
  Analyzing ETHUSDT...
  Analyzing SOLUSDT...
  Analyzing BNBUSDT...
  Analyzing SUIUSDT...
  Analyzing AVAXUSDT...
  Analyzing XRPUSDT...
    XRPUSDT: Skip — ADX 17.2 < 20 (sideways)
  No signals. Next scan in 5 menit.

[11:01:42] Scan #4 | Mode: scalping
Balance: $6.31 | PnL: $0.00
  Analyzing BTCUSDT...
    BTCUSDT: Skip — ADX 12.5 < 20 (sideways)
  Analyzing ETHUSDT...
  Analyzing SOLUSDT...
  Analyzing BNBUSDT...
  Analyzing SUIUSDT...
  Analyzing AVAXUSDT...
  Analyzing XRPUSDT...
    XRPUSDT: Skip — ADX 18.2 < 20 (sideways)
  No signals. Next scan in 5 menit.

[11:06:49] Scan #5 | Mode: scalping
Balance: $6.31 | PnL: $0.00
  Analyzing BTCUSDT...
    BTCUSDT: Skip — ADX 12.5 < 20 (sideways)
  Analyzing ETHUSDT...
  Analyzing SOLUSDT...
  Analyzing BNBUSDT...
  Analyzing SUIUSDT...
  Analyzing AVAXUSDT...
  Analyzing XRPUSDT...
    XRPUSDT: Skip — ADX 18.2 < 20 (sideways)
  No signals. Next scan in 5 menit.

[11:11:56] Scan #6 | Mode: scalping
Balance: $6.31 | PnL: $0.00
  Analyzing BTCUSDT...
    BTCUSDT: Skip — ADX 12.0 < 20 (sideways)
  Analyzing ETHUSDT...
  Analyzing SOLUSDT...
  Analyzing BNBUSDT...
  Analyzing SUIUSDT...
  Analyzing AVAXUSDT...
  Analyzing XRPUSDT...
    XRPUSDT: Skip — ADX 18.2 < 20 (sideways)
  No signals. Next scan in 5 menit.

[11:17:04] Scan #7 | Mode: scalping
Balance: $6.31 | PnL: $0.00
  Analyzing BTCUSDT...
    BTCUSDT: Skip — ADX 12.3 < 20 (sideways)
  Analyzing ETHUSDT...
  Analyzing SOLUSDT...
  Analyzing BNBUSDT...
  Analyzing SUIUSDT...
  Analyzing AVAXUSDT...
  Analyzing XRPUSDT...
    XRPUSDT: Skip — ADX 19.9 < 20 (sideways)
  No signals. Next scan in 5 menit.

[11:22:22] Scan #8 | Mode: scalping
Balance: $6.31 | PnL: $0.00
  Analyzing BTCUSDT...
    BTCUSDT: Skip — ADX 12.4 < 20 (sideways)
  Analyzing ETHUSDT...
  Analyzing SOLUSDT...
  Analyzing BNBUSDT...
  Analyzing SUIUSDT...
  Analyzing AVAXUSDT...
  Analyzing XRPUSDT...
    XRPUSDT: Skip — ADX 19.9 < 20 (sideways)
  No signals. Next scan in 5 menit.

[11:27:29] Scan #9 | Mode: scalping
Balance: $6.31 | PnL: $0.00
  Analyzing BTCUSDT...
    BTCUSDT: Skip — ADX 12.4 < 20 (sideways)
  Analyzing ETHUSDT...
  Analyzing SOLUSDT...
  Analyzing BNBUSDT...
  Analyzing SUIUSDT...
  Analyzing AVAXUSDT...
  Analyzing XRPUSDT...
    XRPUSDT: Skip — ADX 19.9 < 20 (sideways)
  No signals. Next scan in 5 menit.

[11:32:37] Scan #10 | Mode: scalping
Balance: $6.31 | PnL: $0.00
  Analyzing BTCUSDT...
    BTCUSDT: Skip — ADX 12.8 < 20 (sideways)
  Analyzing ETHUSDT...
  Analyzing SOLUSDT...
  Analyzing BNBUSDT...
  Analyzing SUIUSDT...
  Analyzing AVAXUSDT...
  Analyzing XRPUSDT...
  No signals. Next scan in 5 menit.

[11:37:55] Scan #11 | Mode: scalping
Balance: $6.31 | PnL: $0.00
  Analyzing BTCUSDT...
    BTCUSDT: Skip — ADX 12.8 < 20 (sideways)
  Analyzing ETHUSDT...
  Analyzing SOLUSDT...
  Analyzing BNBUSDT...
  Analyzing SUIUSDT...
  Analyzing AVAXUSDT...
  Analyzing XRPUSDT...
  No signals. Next scan in 5 menit.

[11:43:03] Scan #12 | Mode: scalping
Balance: $6.31 | PnL: $0.00
  Analyzing BTCUSDT...
    BTCUSDT: Skip — ADX 13.6 < 20 (sideways)
  Analyzing ETHUSDT...
  Analyzing SOLUSDT...
  Analyzing BNBUSDT...
  Analyzing SUIUSDT...
  Analyzing AVAXUSDT...
    AVAXUSDT: Skip — HTF Neutral
  Analyzing XRPUSDT...
  No signals. Next scan in 5 menit.

[11:48:10] Scan #13 | Mode: scalping
Balance: $6.31 | PnL: $0.00
  Analyzing BTCUSDT...
    BTCUSDT: Skip — ADX 14.9 < 20 (sideways)
  Analyzing ETHUSDT...
  Analyzing SOLUSDT...
  Analyzing BNBUSDT...
  Analyzing SUIUSDT...
  Analyzing AVAXUSDT...
    AVAXUSDT: Skip — HTF Neutral
  Analyzing XRPUSDT...
  No signals. Next scan in 5 menit.

[11:53:18] Scan #14 | Mode: scalping
Balance: $6.31 | PnL: $0.00
  Analyzing BTCUSDT...
    BTCUSDT: Skip — ADX 14.7 < 20 (sideways)
  Analyzing ETHUSDT...
  Analyzing SOLUSDT...
  Analyzing BNBUSDT...
  Analyzing SUIUSDT...
  Analyzing AVAXUSDT...
  Analyzing XRPUSDT...
  No signals. Next scan in 5 menit.

[11:58:25] Scan #15 | Mode: scalping
Balance: $6.31 | PnL: $0.00
  Analyzing BTCUSDT...
    BTCUSDT: Skip — ADX 14.7 < 20 (sideways)
  Analyzing ETHUSDT...
  Analyzing SOLUSDT...
  Analyzing BNBUSDT...
  Analyzing SUIUSDT...
  Analyzing AVAXUSDT...
  Analyzing XRPUSDT...
  No signals. Next scan in 5 menit.

[12:04:00] Scan #16 | Mode: scalping
Balance: $6.31 | PnL: $0.00
  Analyzing BTCUSDT...
    BTCUSDT: Skip — ADX 15.5 < 20 (sideways)
  Analyzing ETHUSDT...
  Analyzing SOLUSDT...
  Analyzing BNBUSDT...
  Analyzing SUIUSDT...
  Analyzing AVAXUSDT...
  Analyzing XRPUSDT...
  No signals. Next scan in 5 menit.

[12:09:36] Scan #17 | Mode: scalping
Balance: $6.31 | PnL: $0.00
  Analyzing BTCUSDT...
    BTCUSDT: Skip — ADX 15.5 < 20 (sideways)
  Analyzing ETHUSDT...
  Analyzing SOLUSDT...
  Analyzing BNBUSDT...
  Analyzing SUIUSDT...
  Analyzing AVAXUSDT...
  Analyzing XRPUSDT...
  No signals. Next scan in 5 menit.

[12:14:54] Scan #18 | Mode: scalping
Balance: $6.31 | PnL: $0.00
  Analyzing BTCUSDT...
    BTCUSDT: Skip — ADX 15.5 < 20 (sideways)
  Analyzing ETHUSDT...
  Analyzing SOLUSDT...
  Analyzing BNBUSDT...
  Analyzing SUIUSDT...
  Analyzing AVAXUSDT...
  Analyzing XRPUSDT...
  No signals. Next scan in 5 menit.

[12:20:04] Scan #19 | Mode: scalping
Balance: $6.31 | PnL: $0.00
  Analyzing BTCUSDT...
    BTCUSDT: Skip — ADX 16.7 < 20 (sideways)
  Analyzing ETHUSDT...
  Analyzing SOLUSDT...
  Analyzing BNBUSDT...
  Analyzing SUIUSDT...
  Analyzing AVAXUSDT...
  Analyzing XRPUSDT...
  No signals. Next scan in 5 menit.

[12:25:11] Scan #20 | Mode: scalping
Balance: $6.31 | PnL: $0.00
  Analyzing BTCUSDT...
    BTCUSDT: Skip — ADX 16.7 < 20 (sideways)
  Analyzing ETHUSDT...
  Analyzing SOLUSDT...
  Analyzing BNBUSDT...
  Analyzing SUIUSDT...
  Analyzing AVAXUSDT...
  Analyzing XRPUSDT...
  No signals. Next scan in 5 menit.

[12:30:19] Scan #21 | Mode: scalping
Balance: $6.31 | PnL: $0.00
  Analyzing BTCUSDT...
    BTCUSDT: Skip — ADX 17.8 < 20 (sideways)
  Analyzing ETHUSDT...
  Analyzing SOLUSDT...
  Analyzing BNBUSDT...
  Analyzing SUIUSDT...
  Analyzing AVAXUSDT...
  Analyzing XRPUSDT...
  No signals. Next scan in 5 menit.

[12:35:27] Scan #22 | Mode: scalping
Balance: $6.31 | PnL: $0.00
  Analyzing BTCUSDT...
    BTCUSDT: Skip — ADX 17.1 < 20 (sideways)
  Analyzing ETHUSDT...
  Analyzing SOLUSDT...
  Analyzing BNBUSDT...
  Analyzing SUIUSDT...
  Analyzing AVAXUSDT...
  Analyzing XRPUSDT...
  No signals. Next scan in 5 menit.

[12:40:34] Scan #23 | Mode: scalping
Balance: $6.31 | PnL: $0.00
  Analyzing BTCUSDT...
    BTCUSDT: Skip — ADX 17.1 < 20 (sideways)
  Analyzing ETHUSDT...
  Analyzing SOLUSDT...
  Analyzing BNBUSDT...
  Analyzing SUIUSDT...
  Analyzing AVAXUSDT...
  Analyzing XRPUSDT...
  No signals. Next scan in 5 menit.

[12:45:42] Scan #24 | Mode: scalping
Balance: $6.31 | PnL: $0.00
  Analyzing BTCUSDT...
    BTCUSDT: Skip — ADX 15.7 < 20 (sideways)
  Analyzing ETHUSDT...
  Analyzing SOLUSDT...
  Analyzing BNBUSDT...
  Analyzing SUIUSDT...
  Analyzing AVAXUSDT...
  Analyzing XRPUSDT...
  No signals. Next scan in 5 menit.

[12:50:49] Scan #25 | Mode: scalping
Balance: $6.31 | PnL: $0.00
  Analyzing BTCUSDT...
    BTCUSDT: Skip — ADX 15.7 < 20 (sideways)
  Analyzing ETHUSDT...
  Analyzing SOLUSDT...
  Analyzing BNBUSDT...
  Analyzing SUIUSDT...
  Analyzing AVAXUSDT...
  Analyzing XRPUSDT...
  No signals. Next scan in 5 menit.

[12:55:56] Scan #26 | Mode: scalping
Balance: $6.31 | PnL: $0.00
  Analyzing BTCUSDT...
    BTCUSDT: Skip — ADX 15.6 < 20 (sideways)
  Analyzing ETHUSDT...
  Analyzing SOLUSDT...
  Analyzing BNBUSDT...
  Analyzing SUIUSDT...
  Analyzing AVAXUSDT...
  Analyzing XRPUSDT...
  No signals. Next scan in 5 menit.

[13:01:13] Scan #27 | Mode: scalping
Balance: $6.31 | PnL: $0.00
  Analyzing BTCUSDT...
    BTCUSDT: Skip — ADX 14.5 < 20 (sideways)
  Analyzing ETHUSDT...
  Analyzing SOLUSDT...
  Analyzing BNBUSDT...
  Analyzing SUIUSDT...
  Analyzing AVAXUSDT...
  Analyzing XRPUSDT...
  No signals. Next scan in 5 menit.

[13:06:21] Scan #28 | Mode: scalping
Balance: $6.31 | PnL: $0.00
  Analyzing BTCUSDT...
    BTCUSDT: Skip — ADX 14.9 < 20 (sideways)
  Analyzing ETHUSDT...
  Analyzing SOLUSDT...
  Analyzing BNBUSDT...
  Analyzing SUIUSDT...
  Analyzing AVAXUSDT...
  Analyzing XRPUSDT...
  No signals. Next scan in 5 menit.

[13:11:28] Scan #29 | Mode: scalping
Balance: $6.31 | PnL: $0.00
  Analyzing BTCUSDT...
    BTCUSDT: Skip — ADX 15.3 < 20 (sideways)
  Analyzing ETHUSDT...
  Analyzing SOLUSDT...
  Analyzing BNBUSDT...
  Analyzing SUIUSDT...
  Analyzing AVAXUSDT...
    AVAXUSDT: Skip — HTF Neutral
  Analyzing XRPUSDT...
  No signals. Next scan in 5 menit.

[13:16:37] Scan #30 | Mode: scalping
Balance: $6.31 | PnL: $0.00
  Analyzing BTCUSDT...
    BTCUSDT: Skip — ADX 15.9 < 20 (sideways)
  Analyzing ETHUSDT...
  Analyzing SOLUSDT...
  Analyzing BNBUSDT...
  Analyzing SUIUSDT...
  Analyzing AVAXUSDT...
    AVAXUSDT: Skip — HTF Neutral
  Analyzing XRPUSDT...
  No signals. Next scan in 5 menit.

[13:21:44] Scan #31 | Mode: scalping
Balance: $6.31 | PnL: $0.00
  Analyzing BTCUSDT...
    BTCUSDT: Skip — ADX 15.9 < 20 (sideways)
  Analyzing ETHUSDT...
  Analyzing SOLUSDT...
  Analyzing BNBUSDT...
  Analyzing SUIUSDT...
  Analyzing AVAXUSDT...
  Analyzing XRPUSDT...
  No signals. Next scan in 5 menit.

[13:26:51] Scan #32 | Mode: scalping
Balance: $6.31 | PnL: $0.00
  Analyzing BTCUSDT...
    BTCUSDT: Skip — ADX 15.9 < 20 (sideways)
  Analyzing ETHUSDT...
  Analyzing SOLUSDT...
  Analyzing BNBUSDT...
  Analyzing SUIUSDT...
  Analyzing AVAXUSDT...
  Analyzing XRPUSDT...
  No signals. Next scan in 5 menit.

[13:31:58] Scan #33 | Mode: scalping
Balance: $6.31 | PnL: $0.00
  Analyzing BTCUSDT...
    BTCUSDT: Skip — ADX 15.2 < 20 (sideways)
  Analyzing ETHUSDT...
  Analyzing SOLUSDT...
  Analyzing BNBUSDT...
  Analyzing SUIUSDT...
  Analyzing AVAXUSDT...
  Analyzing XRPUSDT...
  No signals. Next scan in 5 menit.

[13:37:06] Scan #34 | Mode: scalping
Balance: $6.31 | PnL: $0.00
  Analyzing BTCUSDT...
    BTCUSDT: Skip — ADX 15.1 < 20 (sideways)
  Analyzing ETHUSDT...
  Analyzing SOLUSDT...
  Analyzing BNBUSDT...
  Analyzing SUIUSDT...
  Analyzing AVAXUSDT...
  Analyzing XRPUSDT...
  No signals. Next scan in 5 menit.

[13:42:14] Scan #35 | Mode: scalping
Balance: $6.31 | PnL: $0.00
  Analyzing BTCUSDT...
    BTCUSDT: Skip — ADX 15.1 < 20 (sideways)
  Analyzing ETHUSDT...
  Analyzing SOLUSDT...
  Analyzing BNBUSDT...
  Analyzing SUIUSDT...
  Analyzing AVAXUSDT...
  Analyzing XRPUSDT...
  No signals. Next scan in 5 menit.

[13:47:22] Scan #36 | Mode: scalping
Balance: $6.31 | PnL: $0.00
  Analyzing BTCUSDT...
    BTCUSDT: Skip — ADX 14.5 < 20 (sideways)
  Analyzing ETHUSDT...
  Analyzing SOLUSDT...
  Analyzing BNBUSDT...
  Analyzing SUIUSDT...
  Analyzing AVAXUSDT...
  Analyzing XRPUSDT...
  No signals. Next scan in 5 menit.

[13:52:30] Scan #37 | Mode: scalping
Balance: $6.31 | PnL: $0.00
  Analyzing BTCUSDT...
    BTCUSDT: Skip — ADX 14.6 < 20 (sideways)
  Analyzing ETHUSDT...
  Analyzing SOLUSDT...
  Analyzing BNBUSDT...
  Analyzing SUIUSDT...
  Analyzing AVAXUSDT...
  Analyzing XRPUSDT...
  No signals. Next scan in 5 menit.

[13:57:39] Scan #38 | Mode: scalping
Balance: $6.31 | PnL: $0.00
  Analyzing BTCUSDT...
    BTCUSDT: Skip — ADX 14.8 < 20 (sideways)
  Analyzing ETHUSDT...
  Analyzing SOLUSDT...
  Analyzing BNBUSDT...
  Analyzing SUIUSDT...
  Analyzing AVAXUSDT...
  Analyzing XRPUSDT...
  No signals. Next scan in 5 menit.

[14:02:46] Scan #39 | Mode: scalping
Balance: $6.31 | PnL: $0.00
  Analyzing BTCUSDT...
    BTCUSDT: Skip — ADX 14.8 < 20 (sideways)
  Analyzing ETHUSDT...
  Analyzing SOLUSDT...
  Analyzing BNBUSDT...
  Analyzing SUIUSDT...
  Analyzing AVAXUSDT...
  Analyzing XRPUSDT...
  No signals. Next scan in 5 menit.

[14:07:54] Scan #40 | Mode: scalping
Balance: $6.31 | PnL: $0.00
  Analyzing BTCUSDT...
    BTCUSDT: Skip — ADX 15.4 < 20 (sideways)
  Analyzing ETHUSDT...
  Analyzing SOLUSDT...
  Analyzing BNBUSDT...
  Analyzing SUIUSDT...
  Analyzing AVAXUSDT...
    AVAXUSDT: Skip — HTF Neutral
  Analyzing XRPUSDT...
  No signals. Next scan in 5 menit.

[14:13:01] Scan #41 | Mode: scalping
Balance: $6.31 | PnL: $0.00
  Analyzing BTCUSDT...
    BTCUSDT: Skip — ADX 15.6 < 20 (sideways)
  Analyzing ETHUSDT...
  Analyzing SOLUSDT...
  Analyzing BNBUSDT...
  Analyzing SUIUSDT...
  Analyzing AVAXUSDT...
    AVAXUSDT: Skip — HTF Neutral
  Analyzing XRPUSDT...
  No signals. Next scan in 5 menit.

[14:18:08] Scan #42 | Mode: scalping
Balance: $6.31 | PnL: $0.00
  Analyzing BTCUSDT...
    BTCUSDT: Skip — ADX 17.9 < 20 (sideways)
  Analyzing ETHUSDT...
  Analyzing SOLUSDT...
  Analyzing BNBUSDT...
  Analyzing SUIUSDT...
  Analyzing AVAXUSDT...
    AVAXUSDT: Skip — HTF Neutral
  Analyzing XRPUSDT...
  No signals. Next scan in 5 menit.

[14:23:15] Scan #43 | Mode: scalping
Balance: $6.31 | PnL: $0.00
  Analyzing BTCUSDT...
    BTCUSDT: Skip — ADX 18.7 < 20 (sideways)
  Analyzing ETHUSDT...
  Analyzing SOLUSDT...
    SOLUSDT: Skip — HTF Neutral
  Analyzing BNBUSDT...
  Analyzing SUIUSDT...
  Analyzing AVAXUSDT...
    AVAXUSDT: Skip — HTF Neutral
  Analyzing XRPUSDT...
  No signals. Next scan in 5 menit.

[14:28:23] Scan #44 | Mode: scalping
Balance: $6.31 | PnL: $0.00
  Analyzing BTCUSDT...
    BTCUSDT: Skip — ADX 18.7 < 20 (sideways)
  Analyzing ETHUSDT...
  Analyzing SOLUSDT...
  Analyzing BNBUSDT...
  Analyzing SUIUSDT...
  Analyzing AVAXUSDT...
    AVAXUSDT: Skip — HTF Neutral
  Analyzing XRPUSDT...
  No signals. Next scan in 5 menit.

[14:33:31] Scan #45 | Mode: scalping
Balance: $6.31 | PnL: $0.00
  Analyzing BTCUSDT...
  Analyzing ETHUSDT...
  Analyzing SOLUSDT...
  Analyzing BNBUSDT...
  Analyzing SUIUSDT...
  Analyzing AVAXUSDT...
    AVAXUSDT: Skip — HTF Neutral
  Analyzing XRPUSDT...
  No signals. Next scan in 5 menit.

[14:38:39] Scan #46 | Mode: scalping
Balance: $6.31 | PnL: $0.00
  Analyzing BTCUSDT...
  Analyzing ETHUSDT...
  Analyzing SOLUSDT...
  Analyzing BNBUSDT...
  Analyzing SUIUSDT...
  Analyzing AVAXUSDT...
    AVAXUSDT: Skip — HTF Neutral
  Analyzing XRPUSDT...
  No signals. Next scan in 5 menit.

[14:43:47] Scan #47 | Mode: scalping
Balance: $6.31 | PnL: $0.00
  Analyzing BTCUSDT...
  Analyzing ETHUSDT...
  Analyzing SOLUSDT...
  Analyzing BNBUSDT...
  Analyzing SUIUSDT...
  Analyzing AVAXUSDT...
    AVAXUSDT: Skip — HTF Neutral
  Analyzing XRPUSDT...
  No signals. Next scan in 5 menit.

[14:48:54] Scan #48 | Mode: scalping
Balance: $6.31 | PnL: $0.00
  Analyzing BTCUSDT...
  Analyzing ETHUSDT...
  Analyzing SOLUSDT...
  Analyzing BNBUSDT...
  Analyzing SUIUSDT...
  Analyzing AVAXUSDT...
    AVAXUSDT: Skip — HTF Neutral
  Analyzing XRPUSDT...
  No signals. Next scan in 5 menit.

[14:54:12] Scan #49 | Mode: scalping
Balance: $6.31 | PnL: $0.00
  Analyzing BTCUSDT...
  Analyzing ETHUSDT...
  Analyzing SOLUSDT...
  Analyzing BNBUSDT...
  Analyzing SUIUSDT...
  Analyzing AVAXUSDT...
    AVAXUSDT: Skip — HTF Neutral
  Analyzing XRPUSDT...
  No signals. Next scan in 5 menit.

[14:59:19] Scan #50 | Mode: scalping
Balance: $6.31 | PnL: $0.00
  Analyzing BTCUSDT...
  Analyzing ETHUSDT...
  Analyzing SOLUSDT...
  Analyzing BNBUSDT...
  Analyzing SUIUSDT...
  Analyzing AVAXUSDT...
    AVAXUSDT: Skip — HTF Neutral
  Analyzing XRPUSDT...
  No signals. Next scan in 5 menit.

[15:04:54] Scan #51 | Mode: scalping
Balance: $6.31 | PnL: $0.00
  Analyzing BTCUSDT...
  Analyzing ETHUSDT...
  Analyzing SOLUSDT...
  Analyzing BNBUSDT...
  Analyzing SUIUSDT...
  Analyzing AVAXUSDT...
    AVAXUSDT: Skip — HTF Neutral
  Analyzing XRPUSDT...
  No signals. Next scan in 5 menit.

[15:10:12] Scan #52 | Mode: scalping
Balance: $6.31 | PnL: $0.00
  Analyzing BTCUSDT...
  Analyzing ETHUSDT...
  Analyzing SOLUSDT...
  Analyzing BNBUSDT...
  Analyzing SUIUSDT...
  Analyzing AVAXUSDT...
    AVAXUSDT: Skip — HTF Neutral
  Analyzing XRPUSDT...
  No signals. Next scan in 5 menit.

[15:15:20] Scan #53 | Mode: scalping
Balance: $6.31 | PnL: $0.00
  Analyzing BTCUSDT...
  Analyzing ETHUSDT...
  Analyzing SOLUSDT...
  Analyzing BNBUSDT...
  Analyzing SUIUSDT...
  Analyzing AVAXUSDT...
    AVAXUSDT: Skip — HTF Neutral
  Analyzing XRPUSDT...
  No signals. Next scan in 5 menit.

[15:20:27] Scan #54 | Mode: scalping
Balance: $6.31 | PnL: $0.00
  Analyzing BTCUSDT...
  Analyzing ETHUSDT...
  Analyzing SOLUSDT...
  Analyzing BNBUSDT...
  Analyzing SUIUSDT...
  Analyzing AVAXUSDT...
    AVAXUSDT: Skip — HTF Neutral
  Analyzing XRPUSDT...
  No signals. Next scan in 5 menit.

[15:25:34] Scan #55 | Mode: scalping
Balance: $6.31 | PnL: $0.00
  Analyzing BTCUSDT...
  Analyzing ETHUSDT...
  Analyzing SOLUSDT...
  Analyzing BNBUSDT...
  Analyzing SUIUSDT...
  Analyzing AVAXUSDT...
    AVAXUSDT: Skip — HTF Neutral
  Analyzing XRPUSDT...
  No signals. Next scan in 5 menit.

[15:30:41] Scan #56 | Mode: scalping
Balance: $6.31 | PnL: $0.00
  Analyzing BTCUSDT...
  Analyzing ETHUSDT...
  Analyzing SOLUSDT...
  Analyzing BNBUSDT...
  Analyzing SUIUSDT...
  Analyzing AVAXUSDT...
    AVAXUSDT: Skip — HTF Neutral
  Analyzing XRPUSDT...
  No signals. Next scan in 5 menit.

[15:35:49] Scan #57 | Mode: scalping
Balance: $6.31 | PnL: $0.00
  Analyzing BTCUSDT...
  Analyzing ETHUSDT...
  Analyzing SOLUSDT...
  Analyzing BNBUSDT...
  Analyzing SUIUSDT...
  Analyzing AVAXUSDT...
    AVAXUSDT: Skip — HTF Neutral
  Analyzing XRPUSDT...
  No signals. Next scan in 5 menit.

[15:40:56] Scan #58 | Mode: scalping
Balance: $6.31 | PnL: $0.00
  Analyzing BTCUSDT...
  Analyzing ETHUSDT...
  Analyzing SOLUSDT...
  Analyzing BNBUSDT...
  Analyzing SUIUSDT...
  Analyzing AVAXUSDT...
    AVAXUSDT: Skip — HTF Neutral
  Analyzing XRPUSDT...
  No signals. Next scan in 5 menit.

[15:46:05] Scan #59 | Mode: scalping
Balance: $6.31 | PnL: $0.00
  Analyzing BTCUSDT...
  Analyzing ETHUSDT...
  Analyzing SOLUSDT...
  Analyzing BNBUSDT...
  Analyzing SUIUSDT...
  Analyzing AVAXUSDT...
    AVAXUSDT: Skip — HTF Neutral
  Analyzing XRPUSDT...
  No signals. Next scan in 5 menit.

[15:51:13] Scan #60 | Mode: scalping
Balance: $6.31 | PnL: $0.00
  Analyzing BTCUSDT...
  Analyzing ETHUSDT...
  Analyzing SOLUSDT...
  Analyzing BNBUSDT...
  Analyzing SUIUSDT...
  Analyzing AVAXUSDT...
    AVAXUSDT: Skip — HTF Neutral
  Analyzing XRPUSDT...
  No signals. Next scan in 5 menit.

[15:56:48] Scan #61 | Mode: scalping
Balance: $6.31 | PnL: $0.00
  Analyzing BTCUSDT...
  Analyzing ETHUSDT...
  Analyzing SOLUSDT...
  Analyzing BNBUSDT...
  Analyzing SUIUSDT...
  Analyzing AVAXUSDT...
    AVAXUSDT: Skip — HTF Neutral
  Analyzing XRPUSDT...
  No signals. Next scan in 5 menit.

[16:01:55] Scan #62 | Mode: scalping
Balance: $6.31 | PnL: $0.00
  Analyzing BTCUSDT...
  Analyzing ETHUSDT...
  Analyzing SOLUSDT...
  Analyzing BNBUSDT...
  Analyzing SUIUSDT...
  Analyzing AVAXUSDT...
    AVAXUSDT: Skip — HTF Neutral
  Analyzing XRPUSDT...
  No signals. Next scan in 5 menit.

[16:07:02] Scan #63 | Mode: scalping
Balance: $6.31 | PnL: $0.00
  Analyzing BTCUSDT...
  Analyzing ETHUSDT...
  Analyzing SOLUSDT...
  Analyzing BNBUSDT...
  Analyzing SUIUSDT...
  Analyzing AVAXUSDT...
    AVAXUSDT: Skip — HTF Neutral
  Analyzing XRPUSDT...
  No signals. Next scan in 5 menit.

[16:12:10] Scan #64 | Mode: scalping
Balance: $6.31 | PnL: $0.00
  Analyzing BTCUSDT...
  Analyzing ETHUSDT...
  Analyzing SOLUSDT...
  Analyzing BNBUSDT...
  Analyzing SUIUSDT...
  Analyzing AVAXUSDT...
    AVAXUSDT: Skip — HTF Neutral
  Analyzing XRPUSDT...
  No signals. Next scan in 5 menit.

[16:17:17] Scan #65 | Mode: scalping
Balance: $6.31 | PnL: $0.00
  Analyzing BTCUSDT...
  Analyzing ETHUSDT...
  Analyzing SOLUSDT...
  Analyzing BNBUSDT...
  Analyzing SUIUSDT...
  Analyzing AVAXUSDT...
    AVAXUSDT: Skip — HTF Neutral
  Analyzing XRPUSDT...
  No signals. Next scan in 5 menit.

[16:22:25] Scan #66 | Mode: scalping
Balance: $6.31 | PnL: $0.00
  Analyzing BTCUSDT...
  Analyzing ETHUSDT...
  Analyzing SOLUSDT...
  Analyzing BNBUSDT...
  Analyzing SUIUSDT...
  Analyzing AVAXUSDT...
    AVAXUSDT: Skip — HTF Neutral
  Analyzing XRPUSDT...
  No signals. Next scan in 5 menit.

[16:27:32] Scan #67 | Mode: scalping
Balance: $6.31 | PnL: $0.00
  Analyzing BTCUSDT...
  Analyzing ETHUSDT...
  Analyzing SOLUSDT...
  Analyzing BNBUSDT...
  Analyzing SUIUSDT...
  Analyzing AVAXUSDT...
    AVAXUSDT: Skip — HTF Neutral
  Analyzing XRPUSDT...
  No signals. Next scan in 5 menit.

[16:32:40] Scan #68 | Mode: scalping
Balance: $6.31 | PnL: $0.00
  Analyzing BTCUSDT...
  Analyzing ETHUSDT...
  Analyzing SOLUSDT...
  Analyzing BNBUSDT...
  Analyzing SUIUSDT...
  Analyzing AVAXUSDT...
    AVAXUSDT: Skip — HTF Neutral
  Analyzing XRPUSDT...
  No signals. Next scan in 5 menit.

[16:37:47] Scan #69 | Mode: scalping
Balance: $6.31 | PnL: $0.00
  Analyzing BTCUSDT...
  Analyzing ETHUSDT...
  Analyzing SOLUSDT...
  Analyzing BNBUSDT...
  Analyzing SUIUSDT...
  Analyzing AVAXUSDT...
    AVAXUSDT: Skip — HTF Neutral
  Analyzing XRPUSDT...
  No signals. Next scan in 5 menit.

[16:43:05] Scan #70 | Mode: scalping
Balance: $6.31 | PnL: $0.00
  Analyzing BTCUSDT...
  Analyzing ETHUSDT...
  Analyzing SOLUSDT...
  Analyzing BNBUSDT...
  Analyzing SUIUSDT...
  Analyzing AVAXUSDT...
    AVAXUSDT: Skip — HTF Neutral
  Analyzing XRPUSDT...
  No signals. Next scan in 5 menit.

[16:48:13] Scan #71 | Mode: scalping
Balance: $6.31 | PnL: $0.00
  Analyzing BTCUSDT...
  Analyzing ETHUSDT...
  Analyzing SOLUSDT...
  Analyzing BNBUSDT...
  Analyzing SUIUSDT...
  Analyzing AVAXUSDT...
    AVAXUSDT: Skip — HTF Neutral
  Analyzing XRPUSDT...
  No signals. Next scan in 5 menit.

[16:53:21] Scan #72 | Mode: scalping
Balance: $6.31 | PnL: $0.00
  Analyzing BTCUSDT...
  Analyzing ETHUSDT...
  Analyzing SOLUSDT...
  Analyzing BNBUSDT...
  Analyzing SUIUSDT...
  Analyzing AVAXUSDT...
    AVAXUSDT: Skip — HTF Neutral
  Analyzing XRPUSDT...
  No signals. Next scan in 5 menit.

[16:58:28] Scan #73 | Mode: scalping
Balance: $6.31 | PnL: $0.00
  Analyzing BTCUSDT...
  Analyzing ETHUSDT...
  Analyzing SOLUSDT...
  Analyzing BNBUSDT...
  Analyzing SUIUSDT...
  Analyzing AVAXUSDT...
    AVAXUSDT: Skip — HTF Neutral
  Analyzing XRPUSDT...
  No signals. Next scan in 5 menit.

[17:03:36] Scan #74 | Mode: scalping
Balance: $6.31 | PnL: $0.00
  Analyzing BTCUSDT...
  Analyzing ETHUSDT...
  Analyzing SOLUSDT...
  Analyzing BNBUSDT...
  Analyzing SUIUSDT...
  Analyzing AVAXUSDT...
    AVAXUSDT: Skip — HTF Neutral
  Analyzing XRPUSDT...
  No signals. Next scan in 5 menit.

[17:08:43] Scan #75 | Mode: scalping
Balance: $6.31 | PnL: $0.00
  Analyzing BTCUSDT...
  Analyzing ETHUSDT...
  Analyzing SOLUSDT...
  Analyzing BNBUSDT...
  Analyzing SUIUSDT...
  Analyzing AVAXUSDT...
    AVAXUSDT: Skip — HTF Neutral
  Analyzing XRPUSDT...
  No signals. Next scan in 5 menit.

[17:13:50] Scan #76 | Mode: scalping
Balance: $6.31 | PnL: $0.00
  Analyzing BTCUSDT...
  Analyzing ETHUSDT...
  Analyzing SOLUSDT...
  Analyzing BNBUSDT...
  Analyzing SUIUSDT...
  Analyzing AVAXUSDT...
    AVAXUSDT: Skip — HTF Neutral
  Analyzing XRPUSDT...
  No signals. Next scan in 5 menit.

[17:18:57] Scan #77 | Mode: scalping
Balance: $6.31 | PnL: $0.00
  Analyzing BTCUSDT...
  Analyzing ETHUSDT...
  Analyzing SOLUSDT...
  Analyzing BNBUSDT...
  Analyzing SUIUSDT...
  Analyzing AVAXUSDT...
    AVAXUSDT: Skip — HTF Neutral
  Analyzing XRPUSDT...
  No signals. Next scan in 5 menit.

[17:24:05] Scan #78 | Mode: scalping
Balance: $6.31 | PnL: $0.00
  Analyzing BTCUSDT...
  Analyzing ETHUSDT...
  Analyzing SOLUSDT...
  Analyzing BNBUSDT...
  Analyzing SUIUSDT...
  Analyzing AVAXUSDT...
    AVAXUSDT: Skip — HTF Neutral
  Analyzing XRPUSDT...
  No signals. Next scan in 5 menit.

[17:29:14] Scan #79 | Mode: scalping
Balance: $6.31 | PnL: $0.00
  Analyzing BTCUSDT...
  Analyzing ETHUSDT...
  Analyzing SOLUSDT...
  Analyzing BNBUSDT...
  Analyzing SUIUSDT...
  Analyzing AVAXUSDT...
    AVAXUSDT: Skip — HTF Neutral
  Analyzing XRPUSDT...
  No signals. Next scan in 5 menit.

[17:34:22] Scan #80 | Mode: scalping
Balance: $6.31 | PnL: $0.00
  Analyzing BTCUSDT...
  Analyzing ETHUSDT...
  Analyzing SOLUSDT...
  Analyzing BNBUSDT...
  Analyzing SUIUSDT...
  Analyzing AVAXUSDT...
    AVAXUSDT: Skip — HTF Neutral
  Analyzing XRPUSDT...
  No signals. Next scan in 5 menit.

[17:39:30] Scan #81 | Mode: scalping
Balance: $6.31 | PnL: $0.00
  Analyzing BTCUSDT...
  Analyzing ETHUSDT...
  Analyzing SOLUSDT...
  Analyzing BNBUSDT...
  Analyzing SUIUSDT...
  Analyzing AVAXUSDT...
    AVAXUSDT: Skip — HTF Neutral
  Analyzing XRPUSDT...
  No signals. Next scan in 5 menit.

[17:44:37] Scan #82 | Mode: scalping
Balance: $6.30 | PnL: $0.00
  Analyzing BTCUSDT...
  Analyzing ETHUSDT...
  Analyzing SOLUSDT...
  Analyzing BNBUSDT...
  Analyzing SUIUSDT...
  Analyzing AVAXUSDT...
    AVAXUSDT: Skip — HTF Neutral
  Analyzing XRPUSDT...
  No signals. Next scan in 5 menit.

[17:49:44] Scan #83 | Mode: scalping
Balance: $6.30 | PnL: $0.00
  Analyzing BTCUSDT...
  Analyzing ETHUSDT...
  Analyzing SOLUSDT...
  Analyzing BNBUSDT...
  Analyzing SUIUSDT...
  Analyzing AVAXUSDT...
    AVAXUSDT: Skip — HTF Neutral
  Analyzing XRPUSDT...
  No signals. Next scan in 5 menit.

[17:54:52] Scan #84 | Mode: scalping
Balance: $6.31 | PnL: $0.00
  Analyzing BTCUSDT...
  Analyzing ETHUSDT...
  Analyzing SOLUSDT...
  Analyzing BNBUSDT...
  Analyzing SUIUSDT...
  Analyzing AVAXUSDT...
    AVAXUSDT: Skip — HTF Neutral
  Analyzing XRPUSDT...
  No signals. Next scan in 5 menit.

[18:00:00] Scan #85 | Mode: scalping
Balance: $6.31 | PnL: $0.00
  Analyzing BTCUSDT...
  Analyzing ETHUSDT...
  Analyzing SOLUSDT...
  Analyzing BNBUSDT...
  Analyzing SUIUSDT...
  Analyzing AVAXUSDT...
    AVAXUSDT: Skip — HTF Neutral
  Analyzing XRPUSDT...
  No signals. Next scan in 5 menit.

[18:05:09] Scan #86 | Mode: scalping
Balance: $6.30 | PnL: $0.00
  Analyzing BTCUSDT...
  Analyzing ETHUSDT...
  Analyzing SOLUSDT...
  Analyzing BNBUSDT...
  Analyzing SUIUSDT...
  Analyzing AVAXUSDT...
    AVAXUSDT: Skip — HTF Neutral
  Analyzing XRPUSDT...
  No signals. Next scan in 5 menit.

[18:10:17] Scan #87 | Mode: scalping
Balance: $6.30 | PnL: $0.00
  Analyzing BTCUSDT...
  Analyzing ETHUSDT...
  Analyzing SOLUSDT...
  Analyzing BNBUSDT...
  Analyzing SUIUSDT...
  Analyzing AVAXUSDT...
  Analyzing XRPUSDT...
  No signals. Next scan in 5 menit.

[18:15:25] Scan #88 | Mode: scalping
Balance: $6.30 | PnL: $0.00
  Analyzing BTCUSDT...
  Analyzing ETHUSDT...
  Analyzing SOLUSDT...
  Analyzing BNBUSDT...
  Analyzing SUIUSDT...
  Analyzing AVAXUSDT...
  Analyzing XRPUSDT...
  No signals. Next scan in 5 menit.

[18:20:33] Scan #89 | Mode: scalping
Balance: $6.31 | PnL: $0.00
  Analyzing BTCUSDT...
  Analyzing ETHUSDT...
  Analyzing SOLUSDT...
  Analyzing BNBUSDT...
  Analyzing SUIUSDT...
  Analyzing AVAXUSDT...
    AVAXUSDT: Skip — HTF Neutral
  Analyzing XRPUSDT...
  No signals. Next scan in 5 menit.

[18:25:42] Scan #90 | Mode: scalping
Balance: $6.31 | PnL: $0.00
  Analyzing BTCUSDT...
  Analyzing ETHUSDT...
  Analyzing SOLUSDT...
  Analyzing BNBUSDT...
  Analyzing SUIUSDT...
  Analyzing AVAXUSDT...
    AVAXUSDT: Skip — HTF Neutral
  Analyzing XRPUSDT...
  No signals. Next scan in 5 menit.

[18:30:50] Scan #91 | Mode: scalping
Balance: $6.30 | PnL: $0.00
  Analyzing BTCUSDT...
  Analyzing ETHUSDT...
  Analyzing SOLUSDT...
  Analyzing BNBUSDT...
  Analyzing SUIUSDT...
  Analyzing AVAXUSDT...
    AVAXUSDT: Skip — HTF Neutral
  Analyzing XRPUSDT...
  No signals. Next scan in 5 menit.

[18:35:57] Scan #92 | Mode: scalping
Balance: $6.31 | PnL: $0.00
  Analyzing BTCUSDT...
  Analyzing ETHUSDT...
  Analyzing SOLUSDT...
  Analyzing BNBUSDT...
  Analyzing SUIUSDT...
  Analyzing AVAXUSDT...
    AVAXUSDT: Skip — HTF Neutral
  Analyzing XRPUSDT...
  No signals. Next scan in 5 menit.

[18:41:05] Scan #93 | Mode: scalping
Balance: $6.31 | PnL: $0.00
  Analyzing BTCUSDT...
  Analyzing ETHUSDT...
  Analyzing SOLUSDT...
  Analyzing BNBUSDT...
  Analyzing SUIUSDT...
  Analyzing AVAXUSDT...
    AVAXUSDT: Skip — HTF Neutral
  Analyzing XRPUSDT...
  No signals. Next scan in 5 menit.

[18:46:13] Scan #94 | Mode: scalping
Balance: $6.31 | PnL: $0.00
  Analyzing BTCUSDT...
  Analyzing ETHUSDT...
  Analyzing SOLUSDT...
  Analyzing BNBUSDT...
  Analyzing SUIUSDT...
  Analyzing AVAXUSDT...
    AVAXUSDT: Skip — HTF Neutral
  Analyzing XRPUSDT...
  No signals. Next scan in 5 menit.

[18:51:20] Scan #95 | Mode: scalping
Balance: $6.31 | PnL: $0.00
  Analyzing BTCUSDT...
  Analyzing ETHUSDT...
  Analyzing SOLUSDT...
  Analyzing BNBUSDT...
  Analyzing SUIUSDT...
  Analyzing AVAXUSDT...
    AVAXUSDT: Skip — HTF Neutral
  Analyzing XRPUSDT...
  No signals. Next scan in 5 menit.

[18:56:28] Scan #96 | Mode: scalping
Balance: $6.31 | PnL: $0.00
  Analyzing BTCUSDT...
  Analyzing ETHUSDT...
  Analyzing SOLUSDT...
  Analyzing BNBUSDT...
  Analyzing SUIUSDT...
  Analyzing AVAXUSDT...
    AVAXUSDT: Skip — HTF Neutral
  Analyzing XRPUSDT...
  No signals. Next scan in 5 menit.

[19:01:36] Scan #97 | Mode: scalping
Balance: $6.31 | PnL: $0.00
  Analyzing BTCUSDT...
  Analyzing ETHUSDT...
  Analyzing SOLUSDT...
  Analyzing BNBUSDT...
  Analyzing SUIUSDT...
  Analyzing AVAXUSDT...
    AVAXUSDT: Skip — HTF Neutral
  Analyzing XRPUSDT...
  No signals. Next scan in 5 menit.

[19:06:44] Scan #98 | Mode: scalping
Balance: $6.31 | PnL: $0.00
  Analyzing BTCUSDT...
  Analyzing ETHUSDT...
  Analyzing SOLUSDT...
  Analyzing BNBUSDT...
  Analyzing SUIUSDT...
  Analyzing AVAXUSDT...
    AVAXUSDT: Skip — HTF Neutral
  Analyzing XRPUSDT...
  No signals. Next scan in 5 menit.

[19:11:52] Scan #99 | Mode: scalping
Balance: $6.30 | PnL: $0.00
  Analyzing BTCUSDT...
  Analyzing ETHUSDT...
  Analyzing SOLUSDT...
  Analyzing BNBUSDT...
  Analyzing SUIUSDT...
  Analyzing AVAXUSDT...
    AVAXUSDT: Skip — HTF Neutral
  Analyzing XRPUSDT...
  No signals. Next scan in 5 menit.

[19:16:59] Scan #100 | Mode: scalping
Balance: $6.30 | PnL: $0.00
  Analyzing BTCUSDT...
  Analyzing ETHUSDT...
  Analyzing SOLUSDT...
  Analyzing BNBUSDT...
  Analyzing SUIUSDT...
  Analyzing AVAXUSDT...
  Analyzing XRPUSDT...
  No signals. Next scan in 5 menit.

[19:22:09] Scan #101 | Mode: scalping
Balance: $6.31 | PnL: $0.00
  Analyzing BTCUSDT...
  Analyzing ETHUSDT...
  Analyzing SOLUSDT...
  Analyzing BNBUSDT...
  Analyzing SUIUSDT...
  Analyzing AVAXUSDT...
  Analyzing XRPUSDT...
  No signals. Next scan in 5 menit.

[19:27:18] Scan #102 | Mode: scalping
Balance: $6.31 | PnL: $0.00
  Analyzing BTCUSDT...
  Analyzing ETHUSDT...
  Analyzing SOLUSDT...
  Analyzing BNBUSDT...
  Analyzing SUIUSDT...
  Analyzing AVAXUSDT...
    AVAXUSDT: Skip — HTF Neutral
  Analyzing XRPUSDT...
  No signals. Next scan in 5 menit.

[19:32:26] Scan #103 | Mode: scalping
Balance: $6.31 | PnL: $0.00
  Analyzing BTCUSDT...
  Analyzing ETHUSDT...
  Analyzing SOLUSDT...
  Analyzing BNBUSDT...
  Analyzing SUIUSDT...
  Analyzing AVAXUSDT...
    AVAXUSDT: Skip — HTF Neutral
  Analyzing XRPUSDT...
  No signals. Next scan in 5 menit.

[19:37:33] Scan #104 | Mode: scalping
Balance: $6.31 | PnL: $0.00
  Analyzing BTCUSDT...
  Analyzing ETHUSDT...
  Analyzing SOLUSDT...
  Analyzing BNBUSDT...
  Analyzing SUIUSDT...
  Analyzing AVAXUSDT...
    AVAXUSDT: Skip — HTF Neutral
  Analyzing XRPUSDT...
  No signals. Next scan in 5 menit.

[19:42:47] Scan #105 | Mode: scalping
Balance: $6.31 | PnL: $0.00
  Analyzing BTCUSDT...
  Analyzing ETHUSDT...
  Analyzing SOLUSDT...
  Analyzing BNBUSDT...
  Analyzing SUIUSDT...
  Analyzing AVAXUSDT...
    AVAXUSDT: Skip — HTF Neutral
  Analyzing XRPUSDT...
  No signals. Next scan in 5 menit.

[19:47:54] Scan #106 | Mode: scalping
Balance: $6.31 | PnL: $0.00
  Analyzing BTCUSDT...
  Analyzing ETHUSDT...
  Analyzing SOLUSDT...
  Analyzing BNBUSDT...
  Analyzing SUIUSDT...
  Analyzing AVAXUSDT...
    AVAXUSDT: Skip — HTF Neutral
  Analyzing XRPUSDT...
    XRPUSDT: Skip — ADX 19.4 < 20 (sideways)
  No signals. Next scan in 5 menit.

[19:53:02] Scan #107 | Mode: scalping
Balance: $6.31 | PnL: $0.00
  Analyzing BTCUSDT...
  Analyzing ETHUSDT...
  Analyzing SOLUSDT...
  Analyzing BNBUSDT...
  Analyzing SUIUSDT...
  Analyzing AVAXUSDT...
    AVAXUSDT: Skip — HTF Neutral
  Analyzing XRPUSDT...
    XRPUSDT: Skip — ADX 19.4 < 20 (sideways)
  No signals. Next scan in 5 menit.

[19:58:09] Scan #108 | Mode: scalping
Balance: $6.31 | PnL: $0.00
  Analyzing BTCUSDT...
  Analyzing ETHUSDT...
  Analyzing SOLUSDT...
  Analyzing BNBUSDT...
  Analyzing SUIUSDT...
  Analyzing AVAXUSDT...
  Analyzing XRPUSDT...
    XRPUSDT: Skip — ADX 19.8 < 20 (sideways)
  No signals. Next scan in 5 menit.

[20:03:19] Scan #109 | Mode: scalping
Balance: $6.31 | PnL: $0.00
  Analyzing BTCUSDT...
  Analyzing ETHUSDT...
  Analyzing SOLUSDT...
  Analyzing BNBUSDT...
  Analyzing SUIUSDT...
  Analyzing AVAXUSDT...
  Analyzing XRPUSDT...
  No signals. Next scan in 5 menit.

[20:08:27] Scan #110 | Mode: scalping
Balance: $6.31 | PnL: $0.00
  Analyzing BTCUSDT...
  Analyzing ETHUSDT...
  Analyzing SOLUSDT...
  Analyzing BNBUSDT...
  Analyzing SUIUSDT...
  Analyzing AVAXUSDT...
  Analyzing XRPUSDT...
  No signals. Next scan in 5 menit.

[20:13:43] Scan #111 | Mode: scalping
Balance: $6.31 | PnL: $0.00
  Analyzing BTCUSDT...
  Analyzing ETHUSDT...
  Analyzing SOLUSDT...
  Analyzing BNBUSDT...
  Analyzing SUIUSDT...
  Analyzing AVAXUSDT...
  Analyzing XRPUSDT...
  No signals. Next scan in 5 menit.

[20:18:51] Scan #112 | Mode: scalping
Balance: $6.31 | PnL: $0.00
  Analyzing BTCUSDT...
  Analyzing ETHUSDT...
  Analyzing SOLUSDT...
  Analyzing BNBUSDT...
  Analyzing SUIUSDT...
  Analyzing AVAXUSDT...
  Analyzing XRPUSDT...
  No signals. Next scan in 5 menit.

[20:23:59] Scan #113 | Mode: scalping
Balance: $6.31 | PnL: $0.00
  Analyzing BTCUSDT...
  Analyzing ETHUSDT...
  Analyzing SOLUSDT...
  Analyzing BNBUSDT...
  Analyzing SUIUSDT...
  Analyzing AVAXUSDT...
  Analyzing XRPUSDT...
  No signals. Next scan in 5 menit.

[20:29:08] Scan #114 | Mode: scalping
Balance: $6.31 | PnL: $0.00
  Analyzing BTCUSDT...
  Analyzing ETHUSDT...
  Analyzing SOLUSDT...
  Analyzing BNBUSDT...
  Analyzing SUIUSDT...
  Analyzing AVAXUSDT...
  Analyzing XRPUSDT...
  No signals. Next scan in 5 menit.

[20:34:16] Scan #115 | Mode: scalping
Balance: $6.31 | PnL: $0.00
  Analyzing BTCUSDT...
  Analyzing ETHUSDT...
  Analyzing SOLUSDT...
  Analyzing BNBUSDT...
  Analyzing SUIUSDT...
  Analyzing AVAXUSDT...
  Analyzing XRPUSDT...
  No signals. Next scan in 5 menit.

[20:39:24] Scan #116 | Mode: scalping
Balance: $6.31 | PnL: $0.00
  Analyzing BTCUSDT...
  Analyzing ETHUSDT...
  Analyzing SOLUSDT...
  Analyzing BNBUSDT...
  Analyzing SUIUSDT...
  Analyzing AVAXUSDT...
  Analyzing XRPUSDT...
  No signals. Next scan in 5 menit.

[20:44:33] Scan #117 | Mode: scalping
Balance: $6.31 | PnL: $0.00
  Analyzing BTCUSDT...
  Analyzing ETHUSDT...
  Analyzing SOLUSDT...
  Analyzing BNBUSDT...
  Analyzing SUIUSDT...
  Analyzing AVAXUSDT...
  Analyzing XRPUSDT...
  No signals. Next scan in 5 menit.

[20:49:40] Scan #118 | Mode: scalping
Balance: $6.31 | PnL: $0.00
  Analyzing BTCUSDT...
  Analyzing ETHUSDT...
  Analyzing SOLUSDT...
  Analyzing BNBUSDT...
  Analyzing SUIUSDT...
  Analyzing AVAXUSDT...
  Analyzing XRPUSDT...
  No signals. Next scan in 5 menit.

[20:54:47] Scan #119 | Mode: scalping
Balance: $6.31 | PnL: $0.00
  Analyzing BTCUSDT...
  Analyzing ETHUSDT...
  Analyzing SOLUSDT...
  Analyzing BNBUSDT...
  Analyzing SUIUSDT...
  Analyzing AVAXUSDT...
  Analyzing XRPUSDT...
  No signals. Next scan in 5 menit.

[20:59:55] Scan #120 | Mode: scalping
Balance: $6.31 | PnL: $0.00
  Analyzing BTCUSDT...
  Analyzing ETHUSDT...
  Analyzing SOLUSDT...
  Analyzing BNBUSDT...
  Analyzing SUIUSDT...
  Analyzing AVAXUSDT...
  Analyzing XRPUSDT...
  No signals. Next scan in 5 menit.

[21:05:07] Scan #121 | Mode: scalping
Balance: $6.31 | PnL: $0.00
  Analyzing BTCUSDT...
  Analyzing ETHUSDT...
  Analyzing SOLUSDT...
  Analyzing BNBUSDT...
  Analyzing SUIUSDT...
  Analyzing AVAXUSDT...
    AVAXUSDT: Skip — HTF Neutral
  Analyzing XRPUSDT...
  No signals. Next scan in 5 menit.

[21:10:15] Scan #122 | Mode: scalping
Balance: $6.31 | PnL: $0.00
  Analyzing BTCUSDT...
  Analyzing ETHUSDT...
  Analyzing SOLUSDT...
  Analyzing BNBUSDT...
  Analyzing SUIUSDT...
  Analyzing AVAXUSDT...
    AVAXUSDT: Skip — HTF Neutral
  Analyzing XRPUSDT...
  No signals. Next scan in 5 menit.

[21:15:22] Scan #123 | Mode: scalping
Balance: $6.31 | PnL: $0.00
  Analyzing BTCUSDT...
  Analyzing ETHUSDT...
  Analyzing SOLUSDT...
  Analyzing BNBUSDT...
  Analyzing SUIUSDT...
  Analyzing AVAXUSDT...
  Analyzing XRPUSDT...
  No signals. Next scan in 5 menit.

[21:20:30] Scan #124 | Mode: scalping
Balance: $6.31 | PnL: $0.00
  Analyzing BTCUSDT...
  Analyzing ETHUSDT...
  Analyzing SOLUSDT...
  Analyzing BNBUSDT...
  Analyzing SUIUSDT...
  Analyzing AVAXUSDT...
  Analyzing XRPUSDT...
  No signals. Next scan in 5 menit.

[21:25:39] Scan #125 | Mode: scalping
Balance: $6.31 | PnL: $0.00
  Analyzing BTCUSDT...
  Analyzing ETHUSDT...
  Analyzing SOLUSDT...
  Analyzing BNBUSDT...
  Analyzing SUIUSDT...
  Analyzing AVAXUSDT...
  Analyzing XRPUSDT...
  No signals. Next scan in 5 menit.

[21:30:48] Scan #126 | Mode: scalping
Balance: $6.31 | PnL: $0.00
  Analyzing BTCUSDT...
  Analyzing ETHUSDT...
  Analyzing SOLUSDT...
  Analyzing BNBUSDT...
  Analyzing SUIUSDT...
  Analyzing AVAXUSDT...
  Analyzing XRPUSDT...
  No signals. Next scan in 5 menit.

[21:35:57] Scan #127 | Mode: scalping
Balance: $6.31 | PnL: $0.00
  Analyzing BTCUSDT...
  Analyzing ETHUSDT...
  Analyzing SOLUSDT...
  Analyzing BNBUSDT...
  Analyzing SUIUSDT...
  Analyzing AVAXUSDT...
  Analyzing XRPUSDT...
  No signals. Next scan in 5 menit.

[21:41:05] Scan #128 | Mode: scalping
Balance: $6.31 | PnL: $0.00
  Analyzing BTCUSDT...
  Analyzing ETHUSDT...
  Analyzing SOLUSDT...
  Analyzing BNBUSDT...
  Analyzing SUIUSDT...
  Analyzing AVAXUSDT...
  Analyzing XRPUSDT...
  No signals. Next scan in 5 menit.

[21:46:13] Scan #129 | Mode: scalping
Balance: $6.31 | PnL: $0.00
  Analyzing BTCUSDT...
  Analyzing ETHUSDT...
  Analyzing SOLUSDT...
  Analyzing BNBUSDT...
  Analyzing SUIUSDT...
  Analyzing AVAXUSDT...
  Analyzing XRPUSDT...
  No signals. Next scan in 5 menit.

[21:51:28] Scan #130 | Mode: scalping
Balance: $6.31 | PnL: $0.00
  Analyzing BTCUSDT...
  Analyzing ETHUSDT...
  Analyzing SOLUSDT...
  Analyzing BNBUSDT...
  Analyzing SUIUSDT...
  Analyzing AVAXUSDT...
  Analyzing XRPUSDT...
  No signals. Next scan in 5 menit.

[21:56:43] Scan #131 | Mode: scalping
Balance: $6.31 | PnL: $0.00
  Analyzing BTCUSDT...
  Analyzing ETHUSDT...
  Analyzing SOLUSDT...
  Analyzing BNBUSDT...
  Analyzing SUIUSDT...
  Analyzing AVAXUSDT...
  Analyzing XRPUSDT...
  No signals. Next scan in 5 menit.

[22:01:58] Scan #132 | Mode: scalping
Balance: $6.31 | PnL: $0.00
  Analyzing BTCUSDT...
  Analyzing ETHUSDT...
  Analyzing SOLUSDT...
  Analyzing BNBUSDT...
  Analyzing SUIUSDT...
  Analyzing AVAXUSDT...
  Analyzing XRPUSDT...
  No signals. Next scan in 5 menit.

[22:07:06] Scan #133 | Mode: scalping
Balance: $6.31 | PnL: $0.00
  Analyzing BTCUSDT...
  Analyzing ETHUSDT...
  Analyzing SOLUSDT...
  Analyzing BNBUSDT...
  Analyzing SUIUSDT...
  Analyzing AVAXUSDT...
  Analyzing XRPUSDT...
  No signals. Next scan in 5 menit.

[22:12:14] Scan #134 | Mode: scalping
Balance: $6.31 | PnL: $0.00
  Analyzing BTCUSDT...
  Analyzing ETHUSDT...
  Analyzing SOLUSDT...
  Analyzing BNBUSDT...
  Analyzing SUIUSDT...
  Analyzing AVAXUSDT...
  Analyzing XRPUSDT...
  No signals. Next scan in 5 menit.

[22:17:21] Scan #135 | Mode: scalping
Balance: $6.31 | PnL: $0.00
  Analyzing BTCUSDT...
  Analyzing ETHUSDT...
  Analyzing SOLUSDT...
  Analyzing BNBUSDT...
  Analyzing SUIUSDT...
  Analyzing AVAXUSDT...
  Analyzing XRPUSDT...
  No signals. Next scan in 5 menit.

[22:22:29] Scan #136 | Mode: scalping
Balance: $6.31 | PnL: $0.00
  Analyzing BTCUSDT...
  Analyzing ETHUSDT...
  Analyzing SOLUSDT...
  Analyzing BNBUSDT...
  Analyzing SUIUSDT...
  Analyzing AVAXUSDT...
  Analyzing XRPUSDT...
  No signals. Next scan in 5 menit.

[22:27:36] Scan #137 | Mode: scalping
Balance: $6.31 | PnL: $0.00
  Analyzing BTCUSDT...
  Analyzing ETHUSDT...
  Analyzing SOLUSDT...
  Analyzing BNBUSDT...
  Analyzing SUIUSDT...
  Analyzing AVAXUSDT...
  Analyzing XRPUSDT...
  No signals. Next scan in 5 menit.

[22:32:44] Scan #138 | Mode: scalping
Balance: $6.31 | PnL: $0.00
  Analyzing BTCUSDT...
  Analyzing ETHUSDT...
  Analyzing SOLUSDT...
  Analyzing BNBUSDT...
  Analyzing SUIUSDT...
  Analyzing AVAXUSDT...
  Analyzing XRPUSDT...
  No signals. Next scan in 5 menit.

[22:37:54] Scan #139 | Mode: scalping
Balance: $6.31 | PnL: $0.00
  Analyzing BTCUSDT...
  Analyzing ETHUSDT...
  Analyzing SOLUSDT...
  Analyzing BNBUSDT...
  Analyzing SUIUSDT...
  Analyzing AVAXUSDT...
    AVAXUSDT: Skip — HTF Neutral
  Analyzing XRPUSDT...
  No signals. Next scan in 5 menit.

[22:43:02] Scan #140 | Mode: scalping
Balance: $6.31 | PnL: $0.00
  Analyzing BTCUSDT...
  Analyzing ETHUSDT...
  Analyzing SOLUSDT...
  Analyzing BNBUSDT...
  Analyzing SUIUSDT...
  Analyzing AVAXUSDT...
    AVAXUSDT: Skip — HTF Neutral
  Analyzing XRPUSDT...
  No signals. Next scan in 5 menit.

[22:48:10] Scan #141 | Mode: scalping
Balance: $6.31 | PnL: $0.00
  Analyzing BTCUSDT...
  Analyzing ETHUSDT...
  Analyzing SOLUSDT...
  Analyzing BNBUSDT...
  Analyzing SUIUSDT...
  Analyzing AVAXUSDT...
    AVAXUSDT: Skip — HTF Neutral
  Analyzing XRPUSDT...
  No signals. Next scan in 5 menit.

[22:53:18] Scan #142 | Mode: scalping
Balance: $6.31 | PnL: $0.00
  Analyzing BTCUSDT...
  Analyzing ETHUSDT...
  Analyzing SOLUSDT...
  Analyzing BNBUSDT...
  Analyzing SUIUSDT...
  Analyzing AVAXUSDT...
    AVAXUSDT: Skip — HTF Neutral
  Analyzing XRPUSDT...
  No signals. Next scan in 5 menit.

[22:58:33] Scan #143 | Mode: scalping
Balance: $6.31 | PnL: $0.00
  Analyzing BTCUSDT...
  Analyzing ETHUSDT...
  Analyzing SOLUSDT...
  Analyzing BNBUSDT...
  Analyzing SUIUSDT...
  Analyzing AVAXUSDT...
  Analyzing XRPUSDT...
  No signals. Next scan in 5 menit.

[23:03:40] Scan #144 | Mode: scalping
Balance: $6.31 | PnL: $0.00
  Analyzing BTCUSDT...
  Analyzing ETHUSDT...
  Analyzing SOLUSDT...
  Analyzing BNBUSDT...
  Analyzing SUIUSDT...
  Analyzing AVAXUSDT...
    AVAXUSDT: Skip — HTF Neutral
  Analyzing XRPUSDT...
  No signals. Next scan in 5 menit.

[23:08:48] Scan #145 | Mode: scalping
Balance: $6.31 | PnL: $0.00
  Analyzing BTCUSDT...
  Analyzing ETHUSDT...
  Analyzing SOLUSDT...
  Analyzing BNBUSDT...
  Analyzing SUIUSDT...
  Analyzing AVAXUSDT...
  Analyzing XRPUSDT...
  No signals. Next scan in 5 menit.

[23:13:56] Scan #146 | Mode: scalping
Balance: $6.31 | PnL: $0.00
  Analyzing BTCUSDT...
  Analyzing ETHUSDT...
  Analyzing SOLUSDT...
  Analyzing BNBUSDT...
  Analyzing SUIUSDT...
  Analyzing AVAXUSDT...
    AVAXUSDT: Skip — HTF Neutral
  Analyzing XRPUSDT...
  No signals. Next scan in 5 menit.

[23:19:03] Scan #147 | Mode: scalping
Balance: $6.31 | PnL: $0.00
  Analyzing BTCUSDT...
  Analyzing ETHUSDT...
  Analyzing SOLUSDT...
  Analyzing BNBUSDT...
  Analyzing SUIUSDT...
  Analyzing AVAXUSDT...
    AVAXUSDT: Skip — HTF Neutral
  Analyzing XRPUSDT...
  No signals. Next scan in 5 menit.

[23:24:17] Scan #148 | Mode: scalping
Balance: $6.31 | PnL: $0.00
  Analyzing BTCUSDT...
  Analyzing ETHUSDT...
  Analyzing SOLUSDT...
  Analyzing BNBUSDT...
  Analyzing SUIUSDT...
  Analyzing AVAXUSDT...
    AVAXUSDT: Skip — HTF Neutral
  Analyzing XRPUSDT...
  No signals. Next scan in 5 menit.

[23:29:31] Scan #149 | Mode: scalping
Balance: $6.31 | PnL: $0.00
  Analyzing BTCUSDT...
  Analyzing ETHUSDT...
  Analyzing SOLUSDT...
  Analyzing BNBUSDT...
  Analyzing SUIUSDT...
  Analyzing AVAXUSDT...
    AVAXUSDT: Skip — HTF Neutral
  Analyzing XRPUSDT...
  No signals. Next scan in 5 menit.

[23:34:47] Scan #150 | Mode: scalping
Balance: $6.31 | PnL: $0.00
  Analyzing BTCUSDT...
  Analyzing ETHUSDT...
  Analyzing SOLUSDT...
  Analyzing BNBUSDT...
  Analyzing SUIUSDT...
  Analyzing AVAXUSDT...
    AVAXUSDT: Skip — HTF Neutral
  Analyzing XRPUSDT...
  No signals. Next scan in 5 menit.

[23:40:01] Scan #151 | Mode: scalping
Balance: $6.31 | PnL: $0.00
  Analyzing BTCUSDT...
  Analyzing ETHUSDT...
  Analyzing SOLUSDT...
  Analyzing BNBUSDT...
  Analyzing SUIUSDT...
  Analyzing AVAXUSDT...
    AVAXUSDT: Skip — HTF Neutral
  Analyzing XRPUSDT...
  No signals. Next scan in 5 menit.

[23:45:16] Scan #152 | Mode: scalping
Balance: $6.31 | PnL: $0.00
  Analyzing BTCUSDT...
  Analyzing ETHUSDT...
  Analyzing SOLUSDT...
  Analyzing BNBUSDT...
  Analyzing SUIUSDT...
  Analyzing AVAXUSDT...
    AVAXUSDT: Skip — HTF Neutral
  Analyzing XRPUSDT...
  No signals. Next scan in 5 menit.

[23:50:23] Scan #153 | Mode: scalping
Balance: $6.31 | PnL: $0.00
  Analyzing BTCUSDT...
  Analyzing ETHUSDT...
  Analyzing SOLUSDT...
  Analyzing BNBUSDT...
  Analyzing SUIUSDT...
  Analyzing AVAXUSDT...
    AVAXUSDT: Skip — HTF Neutral
  Analyzing XRPUSDT...
  No signals. Next scan in 5 menit.

[23:55:30] Scan #154 | Mode: scalping
Balance: $6.31 | PnL: $0.00
  Analyzing BTCUSDT...
  Analyzing ETHUSDT...
  Analyzing SOLUSDT...
  Analyzing BNBUSDT...
  Analyzing SUIUSDT...
  Analyzing AVAXUSDT...
    AVAXUSDT: Skip — HTF Neutral
  Analyzing XRPUSDT...
  No signals. Next scan in 5 menit.

[00:00:38] Scan #155 | Mode: scalping
Balance: $6.31 | PnL: $0.00
  Analyzing BTCUSDT...
  Analyzing ETHUSDT...
  Analyzing SOLUSDT...
  Analyzing BNBUSDT...
  Analyzing SUIUSDT...
  Analyzing AVAXUSDT...
    AVAXUSDT: Skip — HTF Neutral
  Analyzing XRPUSDT...
  No signals. Next scan in 5 menit.

[00:05:46] Scan #156 | Mode: scalping
Balance: $6.31 | PnL: $0.00
  Analyzing BTCUSDT...
  Analyzing ETHUSDT...
  Analyzing SOLUSDT...
  Analyzing BNBUSDT...
  Analyzing SUIUSDT...
  Analyzing AVAXUSDT...
    AVAXUSDT: Skip — HTF Neutral
  Analyzing XRPUSDT...
  No signals. Next scan in 5 menit.

[00:10:53] Scan #157 | Mode: scalping
Balance: $6.31 | PnL: $0.00
  Analyzing BTCUSDT...
  Analyzing ETHUSDT...
  Analyzing SOLUSDT...
  Analyzing BNBUSDT...
  Analyzing SUIUSDT...
  Analyzing AVAXUSDT...
    AVAXUSDT: Skip — HTF Neutral
  Analyzing XRPUSDT...
  No signals. Next scan in 5 menit.

[00:16:01] Scan #158 | Mode: scalping
Balance: $6.30 | PnL: $0.00
  Analyzing BTCUSDT...
  Analyzing ETHUSDT...
  Analyzing SOLUSDT...
  Analyzing BNBUSDT...
  Analyzing SUIUSDT...
  Analyzing AVAXUSDT...
    AVAXUSDT: Skip — HTF Neutral
  Analyzing XRPUSDT...
  No signals. Next scan in 5 menit.

[00:21:09] Scan #159 | Mode: scalping
Balance: $6.31 | PnL: $0.00
  Analyzing BTCUSDT...
  Analyzing ETHUSDT...
  Analyzing SOLUSDT...
  Analyzing BNBUSDT...
  Analyzing SUIUSDT...
  Analyzing AVAXUSDT...
    AVAXUSDT: Skip — HTF Neutral
  Analyzing XRPUSDT...
  No signals. Next scan in 5 menit.

[00:26:17] Scan #160 | Mode: scalping
Balance: $6.31 | PnL: $0.00
  Analyzing BTCUSDT...
  Analyzing ETHUSDT...
  Analyzing SOLUSDT...
  Analyzing BNBUSDT...
  Analyzing SUIUSDT...
  Analyzing AVAXUSDT...
    AVAXUSDT: Skip — HTF Neutral
  Analyzing XRPUSDT...
  No signals. Next scan in 5 menit.

[00:31:26] Scan #161 | Mode: scalping
Balance: $6.30 | PnL: $0.00
  Analyzing BTCUSDT...
  Analyzing ETHUSDT...
  Analyzing SOLUSDT...
  Analyzing BNBUSDT...
  Analyzing SUIUSDT...
  Analyzing AVAXUSDT...
    AVAXUSDT: Skip — HTF Neutral
  Analyzing XRPUSDT...
  No signals. Next scan in 5 menit.

[00:36:34] Scan #162 | Mode: scalping
Balance: $6.30 | PnL: $0.00
  Analyzing BTCUSDT...
  Analyzing ETHUSDT...
  Analyzing SOLUSDT...
  Analyzing BNBUSDT...
  Analyzing SUIUSDT...
  Analyzing AVAXUSDT...
    AVAXUSDT: Skip — HTF Neutral
  Analyzing XRPUSDT...
  No signals. Next scan in 5 menit.

[00:41:41] Scan #163 | Mode: scalping
Balance: $6.31 | PnL: $0.00
  Analyzing BTCUSDT...
  Analyzing ETHUSDT...
  Analyzing SOLUSDT...
  Analyzing BNBUSDT...
  Analyzing SUIUSDT...
  Analyzing AVAXUSDT...
    AVAXUSDT: Skip — HTF Neutral
  Analyzing XRPUSDT...
  No signals. Next scan in 5 menit.

[00:46:49] Scan #164 | Mode: scalping
Balance: $6.30 | PnL: $0.00
  Analyzing BTCUSDT...
  Analyzing ETHUSDT...
  Analyzing SOLUSDT...
  Analyzing BNBUSDT...
  Analyzing SUIUSDT...
  Analyzing AVAXUSDT...
    AVAXUSDT: Skip — HTF Neutral
  Analyzing XRPUSDT...
  No signals. Next scan in 5 menit.

[00:51:57] Scan #165 | Mode: scalping
Balance: $6.31 | PnL: $0.00
  Analyzing BTCUSDT...
  Analyzing ETHUSDT...
  Analyzing SOLUSDT...
  Analyzing BNBUSDT...
  Analyzing SUIUSDT...
  Analyzing AVAXUSDT...
    AVAXUSDT: Skip — HTF Neutral
  Analyzing XRPUSDT...
  No signals. Next scan in 5 menit.

[00:57:08] Scan #166 | Mode: scalping
Balance: $6.31 | PnL: $0.00
  Analyzing BTCUSDT...
  Analyzing ETHUSDT...
  Analyzing SOLUSDT...
  Analyzing BNBUSDT...
  Analyzing SUIUSDT...
  Analyzing AVAXUSDT...
    AVAXUSDT: Skip — HTF Neutral
  Analyzing XRPUSDT...
  No signals. Next scan in 5 menit.

[01:02:21] Scan #167 | Mode: scalping
Balance: $6.31 | PnL: $0.00
  Analyzing BTCUSDT...
  Analyzing ETHUSDT...
  Analyzing SOLUSDT...
  Analyzing BNBUSDT...
  Analyzing SUIUSDT...
  Analyzing AVAXUSDT...
    AVAXUSDT: Skip — HTF Neutral
  Analyzing XRPUSDT...
  No signals. Next scan in 5 menit.

[01:07:28] Scan #168 | Mode: scalping
Balance: $6.31 | PnL: $0.00
  Analyzing BTCUSDT...
  Analyzing ETHUSDT...
  Analyzing SOLUSDT...
  Analyzing BNBUSDT...
  Analyzing SUIUSDT...
  Analyzing AVAXUSDT...
    AVAXUSDT: Skip — HTF Neutral
  Analyzing XRPUSDT...
  No signals. Next scan in 5 menit.

[01:12:36] Scan #169 | Mode: scalping
Balance: $6.31 | PnL: $0.00
  Analyzing BTCUSDT...
  Analyzing ETHUSDT...
  Analyzing SOLUSDT...
  Analyzing BNBUSDT...
  Analyzing SUIUSDT...
  Analyzing AVAXUSDT...
    AVAXUSDT: Skip — HTF Neutral
  Analyzing XRPUSDT...
  No signals. Next scan in 5 menit.

[01:17:44] Scan #170 | Mode: scalping
Balance: $6.31 | PnL: $0.00
  Analyzing BTCUSDT...
  Analyzing ETHUSDT...
  Analyzing SOLUSDT...
  Analyzing BNBUSDT...
  Analyzing SUIUSDT...
  Analyzing AVAXUSDT...
    AVAXUSDT: Skip — HTF Neutral
  Analyzing XRPUSDT...
  No signals. Next scan in 5 menit.

[01:22:53] Scan #171 | Mode: scalping
Balance: $6.31 | PnL: $0.00
  Analyzing BTCUSDT...
  Analyzing ETHUSDT...
  Analyzing SOLUSDT...
  Analyzing BNBUSDT...
  Analyzing SUIUSDT...
  Analyzing AVAXUSDT...
    AVAXUSDT: Skip — HTF Neutral
  Analyzing XRPUSDT...
  No signals. Next scan in 5 menit.

[01:28:00] Scan #172 | Mode: scalping
Balance: $6.31 | PnL: $0.00
  Analyzing BTCUSDT...
  Analyzing ETHUSDT...
  Analyzing SOLUSDT...
  Analyzing BNBUSDT...
  Analyzing SUIUSDT...
  Analyzing AVAXUSDT...
    AVAXUSDT: Skip — HTF Neutral
  Analyzing XRPUSDT...
  No signals. Next scan in 5 menit.

[01:33:08] Scan #173 | Mode: scalping
Balance: $6.31 | PnL: $0.00
  Analyzing BTCUSDT...
  Analyzing ETHUSDT...
  Analyzing SOLUSDT...
  Analyzing BNBUSDT...
  Analyzing SUIUSDT...
  Analyzing AVAXUSDT...
    AVAXUSDT: Skip — HTF Neutral
  Analyzing XRPUSDT...
  No signals. Next scan in 5 menit.

[01:38:16] Scan #174 | Mode: scalping
Balance: $6.31 | PnL: $0.00
  Analyzing BTCUSDT...
  Analyzing ETHUSDT...
  Analyzing SOLUSDT...
  Analyzing BNBUSDT...
  Analyzing SUIUSDT...
  Analyzing AVAXUSDT...
    AVAXUSDT: Skip — HTF Neutral
  Analyzing XRPUSDT...
  No signals. Next scan in 5 menit.

[01:43:24] Scan #175 | Mode: scalping
Balance: $6.31 | PnL: $0.00
  Analyzing BTCUSDT...
  Analyzing ETHUSDT...
  Analyzing SOLUSDT...
  Analyzing BNBUSDT...
  Analyzing SUIUSDT...
  Analyzing AVAXUSDT...
    AVAXUSDT: Skip — HTF Neutral
  Analyzing XRPUSDT...
  No signals. Next scan in 5 menit.

[01:48:31] Scan #176 | Mode: scalping
Balance: $6.31 | PnL: $0.00
  Analyzing BTCUSDT...
  Analyzing ETHUSDT...
  Analyzing SOLUSDT...
  Analyzing BNBUSDT...
  Analyzing SUIUSDT...
  Analyzing AVAXUSDT...
    AVAXUSDT: Skip — HTF Neutral
  Analyzing XRPUSDT...
  No signals. Next scan in 5 menit.

[01:53:46] Scan #177 | Mode: scalping
Balance: $6.31 | PnL: $0.00
  Analyzing BTCUSDT...
  Analyzing ETHUSDT...
  Analyzing SOLUSDT...
  Analyzing BNBUSDT...
  Analyzing SUIUSDT...
  Analyzing AVAXUSDT...
    AVAXUSDT: Skip — HTF Neutral
  Analyzing XRPUSDT...
  No signals. Next scan in 5 menit.

[01:59:00] Scan #178 | Mode: scalping
Balance: $6.31 | PnL: $0.00
  Analyzing BTCUSDT...
  Analyzing ETHUSDT...
  Analyzing SOLUSDT...
  Analyzing BNBUSDT...
  Analyzing SUIUSDT...
  Analyzing AVAXUSDT...
    AVAXUSDT: Skip — HTF Neutral
  Analyzing XRPUSDT...
  No signals. Next scan in 5 menit.

[02:04:17] Scan #179 | Mode: scalping
Balance: $6.31 | PnL: $0.00
  Analyzing BTCUSDT...
  Analyzing ETHUSDT...
  Analyzing SOLUSDT...
  Analyzing BNBUSDT...
  Analyzing SUIUSDT...
  Analyzing AVAXUSDT...
    AVAXUSDT: Skip — HTF Neutral
  Analyzing XRPUSDT...
  No signals. Next scan in 5 menit.

[02:09:26] Scan #180 | Mode: scalping
Balance: $6.31 | PnL: $0.00
  Analyzing BTCUSDT...
  Analyzing ETHUSDT...
  Analyzing SOLUSDT...
  Analyzing BNBUSDT...
  Analyzing SUIUSDT...
  Analyzing AVAXUSDT...
    AVAXUSDT: Skip — HTF Neutral
  Analyzing XRPUSDT...
  No signals. Next scan in 5 menit.

[02:14:34] Scan #181 | Mode: scalping
Balance: $6.31 | PnL: $0.00
  Analyzing BTCUSDT...
  Analyzing ETHUSDT...
  Analyzing SOLUSDT...
  Analyzing BNBUSDT...
  Analyzing SUIUSDT...
  Analyzing AVAXUSDT...
    AVAXUSDT: Skip — HTF Neutral
  Analyzing XRPUSDT...
  No signals. Next scan in 5 menit.

[02:19:48] Scan #182 | Mode: scalping
Balance: $6.31 | PnL: $0.00
  Analyzing BTCUSDT...
  Analyzing ETHUSDT...
  Analyzing SOLUSDT...
  Analyzing BNBUSDT...
  Analyzing SUIUSDT...
  Analyzing AVAXUSDT...
    AVAXUSDT: Skip — HTF Neutral
  Analyzing XRPUSDT...
  No signals. Next scan in 5 menit.

[02:25:04] Scan #183 | Mode: scalping
Balance: $6.31 | PnL: $0.00
  Analyzing BTCUSDT...
  Analyzing ETHUSDT...
  Analyzing SOLUSDT...
  Analyzing BNBUSDT...
  Analyzing SUIUSDT...
  Analyzing AVAXUSDT...
    AVAXUSDT: Skip — HTF Neutral
  Analyzing XRPUSDT...
  No signals. Next scan in 5 menit.

[02:30:18] Scan #184 | Mode: scalping
Balance: $6.31 | PnL: $0.00
  Analyzing BTCUSDT...
  Analyzing ETHUSDT...
  Analyzing SOLUSDT...
  Analyzing BNBUSDT...
  Analyzing SUIUSDT...
  Analyzing AVAXUSDT...
    AVAXUSDT: Skip — HTF Neutral
  Analyzing XRPUSDT...
  No signals. Next scan in 5 menit.

[02:35:33] Scan #185 | Mode: scalping
Balance: $6.31 | PnL: $0.00
  Analyzing BTCUSDT...
  Analyzing ETHUSDT...
  Analyzing SOLUSDT...
  Analyzing BNBUSDT...
  Analyzing SUIUSDT...
  Analyzing AVAXUSDT...
    AVAXUSDT: Skip — HTF Neutral
  Analyzing XRPUSDT...
  No signals. Next scan in 5 menit.

[02:40:40] Scan #186 | Mode: scalping
Balance: $6.31 | PnL: $0.00
  Analyzing BTCUSDT...
  Analyzing ETHUSDT...
  Analyzing SOLUSDT...
  Analyzing BNBUSDT...
  Analyzing SUIUSDT...
  Analyzing AVAXUSDT...
    AVAXUSDT: Skip — HTF Neutral
  Analyzing XRPUSDT...
  No signals. Next scan in 5 menit.

[02:45:59] Scan #187 | Mode: scalping
Balance: $6.31 | PnL: $0.00
  Analyzing BTCUSDT...
  Analyzing ETHUSDT...
  Analyzing SOLUSDT...
  Analyzing BNBUSDT...
  Analyzing SUIUSDT...
  Analyzing AVAXUSDT...
    AVAXUSDT: Skip — HTF Neutral
  Analyzing XRPUSDT...
  No signals. Next scan in 5 menit.

[02:51:07] Scan #188 | Mode: scalping
Balance: $6.30 | PnL: $0.00
  Analyzing BTCUSDT...
  Analyzing ETHUSDT...
  Analyzing SOLUSDT...
  Analyzing BNBUSDT...
  Analyzing SUIUSDT...
  Analyzing AVAXUSDT...
    AVAXUSDT: Skip — HTF Neutral
  Analyzing XRPUSDT...
  No signals. Next scan in 5 menit.

[02:56:14] Scan #189 | Mode: scalping
Balance: $6.31 | PnL: $0.00
  Analyzing BTCUSDT...
  Analyzing ETHUSDT...
  Analyzing SOLUSDT...
  Analyzing BNBUSDT...
  Analyzing SUIUSDT...
  Analyzing AVAXUSDT...
    AVAXUSDT: Skip — HTF Neutral
  Analyzing XRPUSDT...
  No signals. Next scan in 5 menit.

[03:01:23] Scan #190 | Mode: scalping
Balance: $6.30 | PnL: $0.00
  Analyzing BTCUSDT...
  Analyzing ETHUSDT...
  Analyzing SOLUSDT...
  Analyzing BNBUSDT...
  Analyzing SUIUSDT...
  Analyzing AVAXUSDT...
    AVAXUSDT: Skip — HTF Neutral
  Analyzing XRPUSDT...
  No signals. Next scan in 5 menit.

[03:06:31] Scan #191 | Mode: scalping
Balance: $6.31 | PnL: $0.00
  Analyzing BTCUSDT...
  Analyzing ETHUSDT...
  Analyzing SOLUSDT...
  Analyzing BNBUSDT...
  Analyzing SUIUSDT...
  Analyzing AVAXUSDT...
    AVAXUSDT: Skip — HTF Neutral
  Analyzing XRPUSDT...
  No signals. Next scan in 5 menit.

[03:11:39] Scan #192 | Mode: scalping
Balance: $6.30 | PnL: $0.00
  Analyzing BTCUSDT...
  Analyzing ETHUSDT...
  Analyzing SOLUSDT...
  Analyzing BNBUSDT...
  Analyzing SUIUSDT...
  Analyzing AVAXUSDT...
    AVAXUSDT: Skip — HTF Neutral
  Analyzing XRPUSDT...
  No signals. Next scan in 5 menit.

[03:16:46] Scan #193 | Mode: scalping
Balance: $6.31 | PnL: $0.00
  Analyzing BTCUSDT...
  Analyzing ETHUSDT...
  Analyzing SOLUSDT...
  Analyzing BNBUSDT...
  Analyzing SUIUSDT...
  Analyzing AVAXUSDT...
    AVAXUSDT: Skip — HTF Neutral
  Analyzing XRPUSDT...
  No signals. Next scan in 5 menit.

[03:21:53] Scan #194 | Mode: scalping
Balance: $6.31 | PnL: $0.00
  Analyzing BTCUSDT...
  Analyzing ETHUSDT...
  Analyzing SOLUSDT...
  Analyzing BNBUSDT...
  Analyzing SUIUSDT...
  Analyzing AVAXUSDT...
    AVAXUSDT: Skip — HTF Neutral
  Analyzing XRPUSDT...
  No signals. Next scan in 5 menit.

[03:27:00] Scan #195 | Mode: scalping
Balance: $6.31 | PnL: $0.00
  Analyzing BTCUSDT...
  Analyzing ETHUSDT...
  Analyzing SOLUSDT...
  Analyzing BNBUSDT...
  Analyzing SUIUSDT...
  Analyzing AVAXUSDT...
    AVAXUSDT: Skip — HTF Neutral
  Analyzing XRPUSDT...
  No signals. Next scan in 5 menit.

[03:32:08] Scan #196 | Mode: scalping
Balance: $6.31 | PnL: $0.00
  Analyzing BTCUSDT...
  Analyzing ETHUSDT...
  Analyzing SOLUSDT...
  Analyzing BNBUSDT...
  Analyzing SUIUSDT...
  Analyzing AVAXUSDT...
    AVAXUSDT: Skip — HTF Neutral
  Analyzing XRPUSDT...
  No signals. Next scan in 5 menit.

[03:37:15] Scan #197 | Mode: scalping
Balance: $6.31 | PnL: $0.00
  Analyzing BTCUSDT...
  Analyzing ETHUSDT...
  Analyzing SOLUSDT...
  Analyzing BNBUSDT...
  Analyzing SUIUSDT...
  Analyzing AVAXUSDT...
    AVAXUSDT: Skip — HTF Neutral
  Analyzing XRPUSDT...
  No signals. Next scan in 5 menit.

[03:42:22] Scan #198 | Mode: scalping
Balance: $6.31 | PnL: $0.00
  Analyzing BTCUSDT...
  Analyzing ETHUSDT...
  Analyzing SOLUSDT...
  Analyzing BNBUSDT...
  Analyzing SUIUSDT...
  Analyzing AVAXUSDT...
    AVAXUSDT: Skip — HTF Neutral
  Analyzing XRPUSDT...
  No signals. Next scan in 5 menit.

[03:47:31] Scan #199 | Mode: scalping
Balance: $6.31 | PnL: $0.00
  Analyzing BTCUSDT...
  Analyzing ETHUSDT...
  Analyzing SOLUSDT...
  Analyzing BNBUSDT...
  Analyzing SUIUSDT...
  Analyzing AVAXUSDT...
    AVAXUSDT: Skip — HTF Neutral
  Analyzing XRPUSDT...
  No signals. Next scan in 5 menit.

[03:52:38] Scan #200 | Mode: scalping
Balance: $6.31 | PnL: $0.00
  Analyzing BTCUSDT...
  Analyzing ETHUSDT...
  Analyzing SOLUSDT...
  Analyzing BNBUSDT...
  Analyzing SUIUSDT...
  Analyzing AVAXUSDT...
    AVAXUSDT: Skip — HTF Neutral
  Analyzing XRPUSDT...
  No signals. Next scan in 5 menit.

[03:57:45] Scan #201 | Mode: scalping
Balance: $6.31 | PnL: $0.00
  Analyzing BTCUSDT...
  Analyzing ETHUSDT...
  Analyzing SOLUSDT...
  Analyzing BNBUSDT...
  Analyzing SUIUSDT...
  Analyzing AVAXUSDT...
    AVAXUSDT: Skip — HTF Neutral
  Analyzing XRPUSDT...
  No signals. Next scan in 5 menit.

[04:02:52] Scan #202 | Mode: scalping
Balance: $6.31 | PnL: $0.00
  Analyzing BTCUSDT...
  Analyzing ETHUSDT...
  Analyzing SOLUSDT...
  Analyzing BNBUSDT...
  Analyzing SUIUSDT...
  Analyzing AVAXUSDT...
    AVAXUSDT: Skip — HTF Neutral
  Analyzing XRPUSDT...
  No signals. Next scan in 5 menit.

[04:08:09] Scan #203 | Mode: scalping
Balance: $6.31 | PnL: $0.00
  Analyzing BTCUSDT...
  Analyzing ETHUSDT...
  Analyzing SOLUSDT...
  Analyzing BNBUSDT...
  Analyzing SUIUSDT...
  Analyzing AVAXUSDT...
    AVAXUSDT: Skip — HTF Neutral
  Analyzing XRPUSDT...
  No signals. Next scan in 5 menit.

[04:13:15] Scan #204 | Mode: scalping
Balance: $6.31 | PnL: $0.00
  Analyzing BTCUSDT...
  Analyzing ETHUSDT...
  Analyzing SOLUSDT...
  Analyzing BNBUSDT...
  Analyzing SUIUSDT...
  Analyzing AVAXUSDT...
    AVAXUSDT: Skip — HTF Neutral
  Analyzing XRPUSDT...
  No signals. Next scan in 5 menit.

[04:18:23] Scan #205 | Mode: scalping
Balance: $6.31 | PnL: $0.00
  Analyzing BTCUSDT...
  Analyzing ETHUSDT...
  Analyzing SOLUSDT...
  Analyzing BNBUSDT...
  Analyzing SUIUSDT...
  Analyzing AVAXUSDT...
    AVAXUSDT: Skip — HTF Neutral
  Analyzing XRPUSDT...
  No signals. Next scan in 5 menit.

[04:23:31] Scan #206 | Mode: scalping
Balance: $6.31 | PnL: $0.00
  Analyzing BTCUSDT...
  Analyzing ETHUSDT...
  Analyzing SOLUSDT...
  Analyzing BNBUSDT...
  Analyzing SUIUSDT...
  Analyzing AVAXUSDT...
    AVAXUSDT: Skip — HTF Neutral
  Analyzing XRPUSDT...
  No signals. Next scan in 5 menit.

[04:28:40] Scan #207 | Mode: scalping
Balance: $6.31 | PnL: $0.00
  Analyzing BTCUSDT...
  Analyzing ETHUSDT...
  Analyzing SOLUSDT...
  Analyzing BNBUSDT...
  Analyzing SUIUSDT...
  Analyzing AVAXUSDT...
    AVAXUSDT: Skip — HTF Neutral
  Analyzing XRPUSDT...
  No signals. Next scan in 5 menit.

[04:33:47] Scan #208 | Mode: scalping
Balance: $6.31 | PnL: $0.00
  Analyzing BTCUSDT...
  Analyzing ETHUSDT...
  Analyzing SOLUSDT...
  Analyzing BNBUSDT...
  Analyzing SUIUSDT...
  Analyzing AVAXUSDT...
    AVAXUSDT: Skip — HTF Neutral
  Analyzing XRPUSDT...
  No signals. Next scan in 5 menit.

[04:38:54] Scan #209 | Mode: scalping
Balance: $6.31 | PnL: $0.00
  Analyzing BTCUSDT...
  Analyzing ETHUSDT...
  Analyzing SOLUSDT...
  Analyzing BNBUSDT...
  Analyzing SUIUSDT...
  Analyzing AVAXUSDT...
    AVAXUSDT: Skip — HTF Neutral
  Analyzing XRPUSDT...
  No signals. Next scan in 5 menit.

[04:44:02] Scan #210 | Mode: scalping
Balance: $6.30 | PnL: $0.00
  Analyzing BTCUSDT...
  Analyzing ETHUSDT...
  Analyzing SOLUSDT...
  Analyzing BNBUSDT...
  Analyzing SUIUSDT...
  Analyzing AVAXUSDT...
    AVAXUSDT: Skip — HTF Neutral
  Analyzing XRPUSDT...
  No signals. Next scan in 5 menit.

[04:49:09] Scan #211 | Mode: scalping
Balance: $6.31 | PnL: $0.00
  Analyzing BTCUSDT...
  Analyzing ETHUSDT...
  Analyzing SOLUSDT...
  Analyzing BNBUSDT...
  Analyzing SUIUSDT...
  Analyzing AVAXUSDT...
    AVAXUSDT: Skip — HTF Neutral
  Analyzing XRPUSDT...
  No signals. Next scan in 5 menit.

[04:54:16] Scan #212 | Mode: scalping
Balance: $6.31 | PnL: $0.00
  Analyzing BTCUSDT...
  Analyzing ETHUSDT...
  Analyzing SOLUSDT...
  Analyzing BNBUSDT...
  Analyzing SUIUSDT...
  Analyzing AVAXUSDT...
    AVAXUSDT: Skip — HTF Neutral
  Analyzing XRPUSDT...
  No signals. Next scan in 5 menit.

[04:59:33] Scan #213 | Mode: scalping
Balance: $6.31 | PnL: $0.00
  Analyzing BTCUSDT...
  Analyzing ETHUSDT...
  Analyzing SOLUSDT...
    SOLUSDT: Skip — HTF Neutral
  Analyzing BNBUSDT...
  Analyzing SUIUSDT...
  Analyzing AVAXUSDT...
    AVAXUSDT: Skip — HTF Neutral
  Analyzing XRPUSDT...
  No signals. Next scan in 5 menit.

[05:04:40] Scan #214 | Mode: scalping
Balance: $6.31 | PnL: $0.00
  Analyzing BTCUSDT...
  Analyzing ETHUSDT...
  Analyzing SOLUSDT...
    SOLUSDT: Skip — HTF Neutral
  Analyzing BNBUSDT...
    BNBUSDT: Skip — HTF Neutral
  Analyzing SUIUSDT...
    SUIUSDT: Skip — HTF Neutral
  Analyzing AVAXUSDT...
    AVAXUSDT: Skip — HTF Neutral
  Analyzing XRPUSDT...
  No signals. Next scan in 5 menit.

[05:09:46] Scan #215 | Mode: scalping
Balance: $6.31 | PnL: $0.00
  Analyzing BTCUSDT...
  Analyzing ETHUSDT...
  Analyzing SOLUSDT...
    SOLUSDT: Skip — HTF Neutral
  Analyzing BNBUSDT...
    BNBUSDT: Skip — HTF Neutral
  Analyzing SUIUSDT...
    SUIUSDT: Skip — HTF Neutral
  Analyzing AVAXUSDT...
    AVAXUSDT: Skip — HTF Neutral
  Analyzing XRPUSDT...
  No signals. Next scan in 5 menit.

[05:14:52] Scan #216 | Mode: scalping
Balance: $6.31 | PnL: $0.00
  Analyzing BTCUSDT...
  Analyzing ETHUSDT...
  Analyzing SOLUSDT...
    SOLUSDT: Skip — HTF Neutral
  Analyzing BNBUSDT...
    BNBUSDT: Skip — HTF Neutral
  Analyzing SUIUSDT...
    SUIUSDT: Skip — HTF Neutral
  Analyzing AVAXUSDT...
    AVAXUSDT: Skip — HTF Neutral
  Analyzing XRPUSDT...
  No signals. Next scan in 5 menit.

[05:19:58] Scan #217 | Mode: scalping
Balance: $6.31 | PnL: $0.00
  Analyzing BTCUSDT...
  Analyzing ETHUSDT...
  Analyzing SOLUSDT...
    SOLUSDT: Skip — HTF Neutral
  Analyzing BNBUSDT...
    BNBUSDT: Skip — HTF Neutral
  Analyzing SUIUSDT...
    SUIUSDT: Skip — HTF Neutral
  Analyzing AVAXUSDT...
    AVAXUSDT: Skip — HTF Neutral
  Analyzing XRPUSDT...
  No signals. Next scan in 5 menit.

[05:25:06] Scan #218 | Mode: scalping
Balance: $6.31 | PnL: $0.00
  Analyzing BTCUSDT...
  Analyzing ETHUSDT...
  Analyzing SOLUSDT...
    SOLUSDT: Skip — HTF Neutral
  Analyzing BNBUSDT...
    BNBUSDT: Skip — HTF Neutral
  Analyzing SUIUSDT...
    SUIUSDT: Skip — HTF Neutral
  Analyzing AVAXUSDT...
    AVAXUSDT: Skip — HTF Neutral
  Analyzing XRPUSDT...
  No signals. Next scan in 5 menit.

[05:30:12] Scan #219 | Mode: scalping
Balance: $6.31 | PnL: $0.00
  Analyzing BTCUSDT...
  Analyzing ETHUSDT...
  Analyzing SOLUSDT...
    SOLUSDT: Skip — HTF Neutral
  Analyzing BNBUSDT...
    BNBUSDT: Skip — HTF Neutral
  Analyzing SUIUSDT...
    SUIUSDT: Skip — HTF Neutral
  Analyzing AVAXUSDT...
    AVAXUSDT: Skip — HTF Neutral
  Analyzing XRPUSDT...
  No signals. Next scan in 5 menit.

[05:35:46] Scan #220 | Mode: scalping
Balance: $6.31 | PnL: $0.00
  Analyzing BTCUSDT...
  Analyzing ETHUSDT...
  Analyzing SOLUSDT...
    SOLUSDT: Skip — HTF Neutral
  Analyzing BNBUSDT...
    BNBUSDT: Skip — HTF Neutral
  Analyzing SUIUSDT...
    SUIUSDT: Skip — HTF Neutral
  Analyzing AVAXUSDT...
    AVAXUSDT: Skip — HTF Neutral
  Analyzing XRPUSDT...
  No signals. Next scan in 5 menit.

[05:41:03] Scan #221 | Mode: scalping
Balance: $6.31 | PnL: $0.00
  Analyzing BTCUSDT...
  Analyzing ETHUSDT...
  Analyzing SOLUSDT...
    SOLUSDT: Skip — HTF Neutral
  Analyzing BNBUSDT...
    BNBUSDT: Skip — HTF Neutral
  Analyzing SUIUSDT...
    SUIUSDT: Skip — HTF Neutral
  Analyzing AVAXUSDT...
    AVAXUSDT: Skip — HTF Neutral
  Analyzing XRPUSDT...
  No signals. Next scan in 5 menit.

[05:46:09] Scan #222 | Mode: scalping
Balance: $6.31 | PnL: $0.00
  Analyzing BTCUSDT...
  Analyzing ETHUSDT...
  Analyzing SOLUSDT...
    SOLUSDT: Skip — HTF Neutral
  Analyzing BNBUSDT...
    BNBUSDT: Skip — HTF Neutral
  Analyzing SUIUSDT...
    SUIUSDT: Skip — HTF Neutral
  Analyzing AVAXUSDT...
    AVAXUSDT: Skip — HTF Neutral
  Analyzing XRPUSDT...
  No signals. Next scan in 5 menit.

[05:51:15] Scan #223 | Mode: scalping
Balance: $6.31 | PnL: $0.00
  Analyzing BTCUSDT...
  Analyzing ETHUSDT...
  Analyzing SOLUSDT...
    SOLUSDT: Skip — HTF Neutral
  Analyzing BNBUSDT...
    BNBUSDT: Skip — HTF Neutral
  Analyzing SUIUSDT...
    SUIUSDT: Skip — HTF Neutral
  Analyzing AVAXUSDT...
    AVAXUSDT: Skip — HTF Neutral
  Analyzing XRPUSDT...
  No signals. Next scan in 5 menit.

[05:56:21] Scan #224 | Mode: scalping
Balance: $6.31 | PnL: $0.00
  Analyzing BTCUSDT...
  Analyzing ETHUSDT...
  Analyzing SOLUSDT...
    SOLUSDT: Skip — HTF Neutral
  Analyzing BNBUSDT...
    BNBUSDT: Skip — HTF Neutral
  Analyzing SUIUSDT...
    SUIUSDT: Skip — HTF Neutral
  Analyzing AVAXUSDT...
    AVAXUSDT: Skip — HTF Neutral
  Analyzing XRPUSDT...
  No signals. Next scan in 5 menit.

[06:01:27] Scan #225 | Mode: scalping
Balance: $6.31 | PnL: $0.00
  Analyzing BTCUSDT...
  Analyzing ETHUSDT...
  Analyzing SOLUSDT...
    SOLUSDT: Skip — HTF Neutral
  Analyzing BNBUSDT...
    BNBUSDT: Skip — HTF Neutral
  Analyzing SUIUSDT...
    SUIUSDT: Skip — HTF Neutral
  Analyzing AVAXUSDT...
    AVAXUSDT: Skip — HTF Neutral
  Analyzing XRPUSDT...
  No signals. Next scan in 5 menit.

[06:06:33] Scan #226 | Mode: scalping
Balance: $6.31 | PnL: $0.00
  Analyzing BTCUSDT...
  Analyzing ETHUSDT...
  Analyzing SOLUSDT...
    SOLUSDT: Skip — HTF Neutral
  Analyzing BNBUSDT...
    BNBUSDT: Skip — HTF Neutral
  Analyzing SUIUSDT...
    SUIUSDT: Skip — HTF Neutral
  Analyzing AVAXUSDT...
    AVAXUSDT: Skip — HTF Neutral
  Analyzing XRPUSDT...
  No signals. Next scan in 5 menit.

[06:11:39] Scan #227 | Mode: scalping
Balance: $6.31 | PnL: $0.00
  Analyzing BTCUSDT...
  Analyzing ETHUSDT...
  Analyzing SOLUSDT...
    SOLUSDT: Skip — HTF Neutral
  Analyzing BNBUSDT...
    BNBUSDT: Skip — HTF Neutral
  Analyzing SUIUSDT...
    SUIUSDT: Skip — HTF Neutral
  Analyzing AVAXUSDT...
    AVAXUSDT: Skip — HTF Neutral
  Analyzing XRPUSDT...
  No signals. Next scan in 5 menit.

[06:16:55] Scan #228 | Mode: scalping
Balance: $6.31 | PnL: $0.00
  Analyzing BTCUSDT...
  Analyzing ETHUSDT...
  Analyzing SOLUSDT...
    SOLUSDT: Skip — HTF Neutral
  Analyzing BNBUSDT...
    BNBUSDT: Skip — HTF Neutral
  Analyzing SUIUSDT...
    SUIUSDT: Skip — HTF Neutral
  Analyzing AVAXUSDT...
    AVAXUSDT: Skip — HTF Neutral
  Analyzing XRPUSDT...
  No signals. Next scan in 5 menit.

[06:22:02] Scan #229 | Mode: scalping
Balance: $6.31 | PnL: $0.00
  Analyzing BTCUSDT...
  Analyzing ETHUSDT...
  Analyzing SOLUSDT...
    SOLUSDT: Skip — HTF Neutral
  Analyzing BNBUSDT...
    BNBUSDT: Skip — HTF Neutral
  Analyzing SUIUSDT...
    SUIUSDT: Skip — HTF Neutral
  Analyzing AVAXUSDT...
    AVAXUSDT: Skip — HTF Neutral
  Analyzing XRPUSDT...
  No signals. Next scan in 5 menit.

[06:27:08] Scan #230 | Mode: scalping
Balance: $6.31 | PnL: $0.00
  Analyzing BTCUSDT...
  Analyzing ETHUSDT...
  Analyzing SOLUSDT...
    SOLUSDT: Skip — HTF Neutral
  Analyzing BNBUSDT...
    BNBUSDT: Skip — HTF Neutral
  Analyzing SUIUSDT...
    SUIUSDT: Skip — HTF Neutral
  Analyzing AVAXUSDT...
    AVAXUSDT: Skip — HTF Neutral
  Analyzing XRPUSDT...
  No signals. Next scan in 5 menit.

[06:32:14] Scan #231 | Mode: scalping
Balance: $6.31 | PnL: $0.00
  Analyzing BTCUSDT...
  Analyzing ETHUSDT...
  Analyzing SOLUSDT...
    SOLUSDT: Skip — HTF Neutral
  Analyzing BNBUSDT...
    BNBUSDT: Skip — HTF Neutral
  Analyzing SUIUSDT...
    SUIUSDT: Skip — HTF Neutral
  Analyzing AVAXUSDT...
    AVAXUSDT: Skip — HTF Neutral
  Analyzing XRPUSDT...
  No signals. Next scan in 5 menit.

[06:37:21] Scan #232 | Mode: scalping
Balance: $6.31 | PnL: $0.00
  Analyzing BTCUSDT...
  Analyzing ETHUSDT...
  Analyzing SOLUSDT...
    SOLUSDT: Skip — HTF Neutral
  Analyzing BNBUSDT...
    BNBUSDT: Skip — HTF Neutral
  Analyzing SUIUSDT...
    SUIUSDT: Skip — HTF Neutral
  Analyzing AVAXUSDT...
    AVAXUSDT: Skip — HTF Neutral
  Analyzing XRPUSDT...
  No signals. Next scan in 5 menit.

[06:42:27] Scan #233 | Mode: scalping
Balance: $6.31 | PnL: $0.00
  Analyzing BTCUSDT...
  Analyzing ETHUSDT...
  Analyzing SOLUSDT...
    SOLUSDT: Skip — HTF Neutral
  Analyzing BNBUSDT...
    BNBUSDT: Skip — HTF Neutral
  Analyzing SUIUSDT...
    SUIUSDT: Skip — HTF Neutral
  Analyzing AVAXUSDT...
    AVAXUSDT: Skip — HTF Neutral
  Analyzing XRPUSDT...
  No signals. Next scan in 5 menit.

[06:47:57] Scan #234 | Mode: scalping
Balance: $6.31 | PnL: $0.00
  Analyzing BTCUSDT...
  Analyzing ETHUSDT...
  Analyzing SOLUSDT...
    SOLUSDT: Skip — HTF Neutral
  Analyzing BNBUSDT...
    BNBUSDT: Skip — HTF Neutral
  Analyzing SUIUSDT...
    SUIUSDT: Skip — HTF Neutral
  Analyzing AVAXUSDT...
    AVAXUSDT: Skip — HTF Neutral
  Analyzing XRPUSDT...
  No signals. Next scan in 5 menit.

[06:53:04] Scan #235 | Mode: scalping
Balance: $6.31 | PnL: $0.00
  Analyzing BTCUSDT...
  Analyzing ETHUSDT...
  Analyzing SOLUSDT...
    SOLUSDT: Skip — HTF Neutral
  Analyzing BNBUSDT...
    BNBUSDT: Skip — HTF Neutral
  Analyzing SUIUSDT...
    SUIUSDT: Skip — HTF Neutral
  Analyzing AVAXUSDT...
    AVAXUSDT: Skip — HTF Neutral
  Analyzing XRPUSDT...
  No signals. Next scan in 5 menit.

[06:58:10] Scan #236 | Mode: scalping
Balance: $6.31 | PnL: $0.00
  Analyzing BTCUSDT...
  Analyzing ETHUSDT...
  Analyzing SOLUSDT...
    SOLUSDT: Skip — HTF Neutral
  Analyzing BNBUSDT...
    BNBUSDT: Skip — HTF Neutral
  Analyzing SUIUSDT...
    SUIUSDT: Skip — HTF Neutral
  Analyzing AVAXUSDT...
    AVAXUSDT: Skip — HTF Neutral
  Analyzing XRPUSDT...
  No signals. Next scan in 5 menit.

[07:03:17] Scan #237 | Mode: scalping
Balance: $6.31 | PnL: $0.00
  Analyzing BTCUSDT...
  Analyzing ETHUSDT...
  Analyzing SOLUSDT...
    SOLUSDT: Skip — HTF Neutral
  Analyzing BNBUSDT...
    BNBUSDT: Skip — HTF Neutral
  Analyzing SUIUSDT...
    SUIUSDT: Skip — HTF Neutral
  Analyzing AVAXUSDT...
    AVAXUSDT: Skip — HTF Neutral
  Analyzing XRPUSDT...
  No signals. Next scan in 5 menit.

[07:08:51] Scan #238 | Mode: scalping
Balance: $6.31 | PnL: $0.00
  Analyzing BTCUSDT...
  Analyzing ETHUSDT...
  Analyzing SOLUSDT...
    SOLUSDT: Skip — HTF Neutral
  Analyzing BNBUSDT...
    BNBUSDT: Skip — HTF Neutral
  Analyzing SUIUSDT...
    SUIUSDT: Skip — HTF Neutral
  Analyzing AVAXUSDT...
    AVAXUSDT: Skip — HTF Neutral
  Analyzing XRPUSDT...
  No signals. Next scan in 5 menit.

[07:13:57] Scan #239 | Mode: scalping
Balance: $6.31 | PnL: $0.00
  Analyzing BTCUSDT...
  Analyzing ETHUSDT...
  Analyzing SOLUSDT...
    SOLUSDT: Skip — HTF Neutral
  Analyzing BNBUSDT...
    BNBUSDT: Skip — HTF Neutral
  Analyzing SUIUSDT...
    SUIUSDT: Skip — HTF Neutral
  Analyzing AVAXUSDT...
    AVAXUSDT: Skip — HTF Neutral
  Analyzing XRPUSDT...
  No signals. Next scan in 5 menit.

[07:19:03] Scan #240 | Mode: scalping
Balance: $6.31 | PnL: $0.00
  Analyzing BTCUSDT...
  Analyzing ETHUSDT...
  Analyzing SOLUSDT...
    SOLUSDT: Skip — HTF Neutral
  Analyzing BNBUSDT...
  Analyzing SUIUSDT...
    SUIUSDT: Skip — HTF Neutral
  Analyzing AVAXUSDT...
    AVAXUSDT: Skip — HTF Neutral
  Analyzing XRPUSDT...
  No signals. Next scan in 5 menit.

[07:24:09] Scan #241 | Mode: scalping
Balance: $6.31 | PnL: $0.00
  Analyzing BTCUSDT...
  Analyzing ETHUSDT...
  Analyzing SOLUSDT...
    SOLUSDT: Skip — HTF Neutral
  Analyzing BNBUSDT...
  Analyzing SUIUSDT...
    SUIUSDT: Skip — HTF Neutral
  Analyzing AVAXUSDT...
    AVAXUSDT: Skip — HTF Neutral
  Analyzing XRPUSDT...
  No signals. Next scan in 5 menit.

[07:29:15] Scan #242 | Mode: scalping
Balance: $6.31 | PnL: $0.00
  Analyzing BTCUSDT...
  Analyzing ETHUSDT...
  Analyzing SOLUSDT...
    SOLUSDT: Skip — HTF Neutral
  Analyzing BNBUSDT...
  Analyzing SUIUSDT...
    SUIUSDT: Skip — HTF Neutral
  Analyzing AVAXUSDT...
    AVAXUSDT: Skip — HTF Neutral
  Analyzing XRPUSDT...
  No signals. Next scan in 5 menit.

[07:34:21] Scan #243 | Mode: scalping
Balance: $6.31 | PnL: $0.00
  Analyzing BTCUSDT...
  Analyzing ETHUSDT...
  Analyzing SOLUSDT...
    SOLUSDT: Skip — HTF Neutral
  Analyzing BNBUSDT...
  Analyzing SUIUSDT...
    SUIUSDT: Skip — HTF Neutral
  Analyzing AVAXUSDT...
    AVAXUSDT: Skip — HTF Neutral
  Analyzing XRPUSDT...
  No signals. Next scan in 5 menit.

[07:39:27] Scan #244 | Mode: scalping
Balance: $6.31 | PnL: $0.00
  Analyzing BTCUSDT...
  Analyzing ETHUSDT...
  Analyzing SOLUSDT...
    SOLUSDT: Skip — HTF Neutral
  Analyzing BNBUSDT...
  Analyzing SUIUSDT...
    SUIUSDT: Skip — HTF Neutral
  Analyzing AVAXUSDT...
    AVAXUSDT: Skip — HTF Neutral
  Analyzing XRPUSDT...
  No signals. Next scan in 5 menit.

[07:44:33] Scan #245 | Mode: scalping
Balance: $6.31 | PnL: $0.00
  Analyzing BTCUSDT...
  Analyzing ETHUSDT...
  Analyzing SOLUSDT...
    SOLUSDT: Skip — HTF Neutral
  Analyzing BNBUSDT...
  Analyzing SUIUSDT...
    SUIUSDT: Skip — HTF Neutral
  Analyzing AVAXUSDT...
    AVAXUSDT: Skip — HTF Neutral
  Analyzing XRPUSDT...
  No signals. Next scan in 5 menit.

[07:49:39] Scan #246 | Mode: scalping
Balance: $6.31 | PnL: $0.00
  Analyzing BTCUSDT...
  Analyzing ETHUSDT...
  Analyzing SOLUSDT...
    SOLUSDT: Skip — HTF Neutral
  Analyzing BNBUSDT...
  Analyzing SUIUSDT...
    SUIUSDT: Skip — HTF Neutral
  Analyzing AVAXUSDT...
    AVAXUSDT: Skip — HTF Neutral
  Analyzing XRPUSDT...
  No signals. Next scan in 5 menit.

[07:54:46] Scan #247 | Mode: scalping
Balance: $6.31 | PnL: $0.00
  Analyzing BTCUSDT...
  Analyzing ETHUSDT...
  Analyzing SOLUSDT...
    SOLUSDT: Skip — HTF Neutral
  Analyzing BNBUSDT...
  Analyzing SUIUSDT...
    SUIUSDT: Skip — HTF Neutral
  Analyzing AVAXUSDT...
    AVAXUSDT: Skip — HTF Neutral
  Analyzing XRPUSDT...
  No signals. Next scan in 5 menit.

[07:59:52] Scan #248 | Mode: scalping
Balance: $6.31 | PnL: $0.00
  Analyzing BTCUSDT...
  Analyzing ETHUSDT...
  Analyzing SOLUSDT...
    SOLUSDT: Skip — HTF Neutral
  Analyzing BNBUSDT...
  Analyzing SUIUSDT...
    SUIUSDT: Skip — HTF Neutral
  Analyzing AVAXUSDT...
    AVAXUSDT: Skip — HTF Neutral
  Analyzing XRPUSDT...
  No signals. Next scan in 5 menit.

[08:04:58] Scan #249 | Mode: scalping
Balance: $6.31 | PnL: $0.00
  Analyzing BTCUSDT...
  Analyzing ETHUSDT...
  Analyzing SOLUSDT...
    SOLUSDT: Skip — HTF Neutral
  Analyzing BNBUSDT...
  Analyzing SUIUSDT...
    SUIUSDT: Skip — HTF Neutral
  Analyzing AVAXUSDT...
    AVAXUSDT: Skip — HTF Neutral
  Analyzing XRPUSDT...
  No signals. Next scan in 5 menit.

[08:10:05] Scan #250 | Mode: scalping
Balance: $6.31 | PnL: $0.00
  Analyzing BTCUSDT...
  Analyzing ETHUSDT...
  Analyzing SOLUSDT...
    SOLUSDT: Skip — HTF Neutral
  Analyzing BNBUSDT...
  Analyzing SUIUSDT...
    SUIUSDT: Skip — HTF Neutral
  Analyzing AVAXUSDT...
    AVAXUSDT: Skip — HTF Neutral
  Analyzing XRPUSDT...
  No signals. Next scan in 5 menit.

[08:15:12] Scan #251 | Mode: scalping
Balance: $6.31 | PnL: $0.00
  Analyzing BTCUSDT...
  Analyzing ETHUSDT...
  Analyzing SOLUSDT...
    SOLUSDT: Skip — HTF Neutral
  Analyzing BNBUSDT...
  Analyzing SUIUSDT...
    SUIUSDT: Skip — HTF Neutral
  Analyzing AVAXUSDT...
    AVAXUSDT: Skip — HTF Neutral
  Analyzing XRPUSDT...
  No signals. Next scan in 5 menit.

[08:20:19] Scan #252 | Mode: scalping
Balance: $6.31 | PnL: $0.00
  Analyzing BTCUSDT...
  Analyzing ETHUSDT...
  Analyzing SOLUSDT...
    SOLUSDT: Skip — HTF Neutral
  Analyzing BNBUSDT...
  Analyzing SUIUSDT...
    SUIUSDT: Skip — HTF Neutral
  Analyzing AVAXUSDT...
    AVAXUSDT: Skip — HTF Neutral
  Analyzing XRPUSDT...
  No signals. Next scan in 5 menit.

[08:25:25] Scan #253 | Mode: scalping
Balance: $6.31 | PnL: $0.00
  Analyzing BTCUSDT...
  Analyzing ETHUSDT...
  Analyzing SOLUSDT...
    SOLUSDT: Skip — HTF Neutral
  Analyzing BNBUSDT...
  Analyzing SUIUSDT...
    SUIUSDT: Skip — HTF Neutral
  Analyzing AVAXUSDT...
    AVAXUSDT: Skip — HTF Neutral
  Analyzing XRPUSDT...
  No signals. Next scan in 5 menit.

[08:31:00] Scan #254 | Mode: scalping
Balance: $6.31 | PnL: $0.00
  Analyzing BTCUSDT...
  Analyzing ETHUSDT...
  Analyzing SOLUSDT...
    SOLUSDT: Skip — HTF Neutral
  Analyzing BNBUSDT...
  Analyzing SUIUSDT...
  Analyzing AVAXUSDT...
    AVAXUSDT: Skip — HTF Neutral
  Analyzing XRPUSDT...
  No signals. Next scan in 5 menit.

[08:36:16] Scan #255 | Mode: scalping
Balance: $6.31 | PnL: $0.00
  Analyzing BTCUSDT...
  Analyzing ETHUSDT...
  Analyzing SOLUSDT...
    SOLUSDT: Skip — HTF Neutral
  Analyzing BNBUSDT...
  Analyzing SUIUSDT...
  Analyzing AVAXUSDT...
    AVAXUSDT: Skip — HTF Neutral
  Analyzing XRPUSDT...
  No signals. Next scan in 5 menit.

[08:41:23] Scan #256 | Mode: scalping
Balance: $6.31 | PnL: $0.00
  Analyzing BTCUSDT...
  Analyzing ETHUSDT...
  Analyzing SOLUSDT...
    SOLUSDT: Skip — HTF Neutral
  Analyzing BNBUSDT...
  Analyzing SUIUSDT...
  Analyzing AVAXUSDT...
    AVAXUSDT: Skip — HTF Neutral
  Analyzing XRPUSDT...
  No signals. Next scan in 5 menit.

[08:46:39] Scan #257 | Mode: scalping
Balance: $6.31 | PnL: $0.00
  Analyzing BTCUSDT...
  Analyzing ETHUSDT...
  Analyzing SOLUSDT...
    SOLUSDT: Skip — HTF Neutral
  Analyzing BNBUSDT...
  Analyzing SUIUSDT...
  Analyzing AVAXUSDT...
    AVAXUSDT: Skip — HTF Neutral
  Analyzing XRPUSDT...
  No signals. Next scan in 5 menit.

[08:51:46] Scan #258 | Mode: scalping
Balance: $6.31 | PnL: $0.00
  Analyzing BTCUSDT...
  Analyzing ETHUSDT...
  Analyzing SOLUSDT...
    SOLUSDT: Skip — HTF Neutral
  Analyzing BNBUSDT...
  Analyzing SUIUSDT...
  Analyzing AVAXUSDT...
    AVAXUSDT: Skip — HTF Neutral
  Analyzing XRPUSDT...
  No signals. Next scan in 5 menit.

[08:57:00] Scan #259 | Mode: scalping
Balance: $6.31 | PnL: $0.00
  Analyzing BTCUSDT...
  Analyzing ETHUSDT...
  Analyzing SOLUSDT...
    SOLUSDT: Skip — HTF Neutral
  Analyzing BNBUSDT...
  Analyzing SUIUSDT...
  Analyzing AVAXUSDT...
    AVAXUSDT: Skip — HTF Neutral
  Analyzing XRPUSDT...
  No signals. Next scan in 5 menit.

[09:02:06] Scan #260 | Mode: scalping
Balance: $6.31 | PnL: $0.00
  Analyzing BTCUSDT...
  Analyzing ETHUSDT...
  Analyzing SOLUSDT...
    SOLUSDT: Skip — HTF Neutral
  Analyzing BNBUSDT...
  Analyzing SUIUSDT...
  Analyzing AVAXUSDT...
    AVAXUSDT: Skip — HTF Neutral
  Analyzing XRPUSDT...
  No signals. Next scan in 5 menit.

[09:07:13] Scan #261 | Mode: scalping
Balance: $6.31 | PnL: $0.00
  Analyzing BTCUSDT...
  Analyzing ETHUSDT...
  Analyzing SOLUSDT...
    SOLUSDT: Skip — HTF Neutral
  Analyzing BNBUSDT...
  Analyzing SUIUSDT...
  Analyzing AVAXUSDT...
    AVAXUSDT: Skip — HTF Neutral
  Analyzing XRPUSDT...
  No signals. Next scan in 5 menit.

[09:12:20] Scan #262 | Mode: scalping
Balance: $6.31 | PnL: $0.00
  Analyzing BTCUSDT...
  Analyzing ETHUSDT...
  Analyzing SOLUSDT...
    SOLUSDT: Skip — HTF Neutral
  Analyzing BNBUSDT...
  Analyzing SUIUSDT...
    SUIUSDT: Skip — HTF Neutral
  Analyzing AVAXUSDT...
    AVAXUSDT: Skip — HTF Neutral
  Analyzing XRPUSDT...
  No signals. Next scan in 5 menit.

[09:17:36] Scan #263 | Mode: scalping
Balance: $6.31 | PnL: $0.00
  Analyzing BTCUSDT...
  Analyzing ETHUSDT...
  Analyzing SOLUSDT...
    SOLUSDT: Skip — HTF Neutral
  Analyzing BNBUSDT...
  Analyzing SUIUSDT...
    SUIUSDT: Skip — HTF Neutral
  Analyzing AVAXUSDT...
    AVAXUSDT: Skip — HTF Neutral
  Analyzing XRPUSDT...
  No signals. Next scan in 5 menit.

[09:22:42] Scan #264 | Mode: scalping
Balance: $6.31 | PnL: $0.00
  Analyzing BTCUSDT...
  Analyzing ETHUSDT...
  Analyzing SOLUSDT...
    SOLUSDT: Skip — HTF Neutral
  Analyzing BNBUSDT...
  Analyzing SUIUSDT...
    SUIUSDT: Skip — HTF Neutral
  Analyzing AVAXUSDT...
    AVAXUSDT: Skip — HTF Neutral
  Analyzing XRPUSDT...
  No signals. Next scan in 5 menit.

[09:27:59] Scan #265 | Mode: scalping
Balance: $6.31 | PnL: $0.00
  Analyzing BTCUSDT...
  Analyzing ETHUSDT...
  Analyzing SOLUSDT...
    SOLUSDT: Skip — HTF Neutral
  Analyzing BNBUSDT...
  Analyzing SUIUSDT...
    SUIUSDT: Skip — HTF Neutral
  Analyzing AVAXUSDT...
    AVAXUSDT: Skip — HTF Neutral
  Analyzing XRPUSDT...
  No signals. Next scan in 5 menit.

[09:33:06] Scan #266 | Mode: scalping
Balance: $6.31 | PnL: $0.00
  Analyzing BTCUSDT...
  Analyzing ETHUSDT...
  Analyzing SOLUSDT...
    SOLUSDT: Skip — HTF Neutral
  Analyzing BNBUSDT...
  Analyzing SUIUSDT...
    SUIUSDT: Skip — HTF Neutral
  Analyzing AVAXUSDT...
    AVAXUSDT: Skip — HTF Neutral
  Analyzing XRPUSDT...
  No signals. Next scan in 5 menit.

[09:38:12] Scan #267 | Mode: scalping
Balance: $6.31 | PnL: $0.00
  Analyzing BTCUSDT...
  Analyzing ETHUSDT...
  Analyzing SOLUSDT...
    SOLUSDT: Skip — HTF Neutral
  Analyzing BNBUSDT...
  Analyzing SUIUSDT...
    SUIUSDT: Skip — HTF Neutral
  Analyzing AVAXUSDT...
    AVAXUSDT: Skip — HTF Neutral
  Analyzing XRPUSDT...
  No signals. Next scan in 5 menit.

[09:43:47] Scan #268 | Mode: scalping
Balance: $6.31 | PnL: $0.00
  Analyzing BTCUSDT...
  Analyzing ETHUSDT...
  Analyzing SOLUSDT...
    SOLUSDT: Skip — HTF Neutral
  Analyzing BNBUSDT...
  Analyzing SUIUSDT...
  Analyzing AVAXUSDT...
    AVAXUSDT: Skip — HTF Neutral
  Analyzing XRPUSDT...
  No signals. Next scan in 5 menit.

[09:49:04] Scan #269 | Mode: scalping
Balance: $6.31 | PnL: $0.00
  Analyzing BTCUSDT...
  Analyzing ETHUSDT...
  Analyzing SOLUSDT...
    SOLUSDT: Skip — HTF Neutral
  Analyzing BNBUSDT...
  Analyzing SUIUSDT...
  Analyzing AVAXUSDT...
    AVAXUSDT: Skip — HTF Neutral
  Analyzing XRPUSDT...
  No signals. Next scan in 5 menit.

[09:54:11] Scan #270 | Mode: scalping
Balance: $6.31 | PnL: $0.00
  Analyzing BTCUSDT...
  Analyzing ETHUSDT...
  Analyzing SOLUSDT...
    SOLUSDT: Skip — HTF Neutral
  Analyzing BNBUSDT...
  Analyzing SUIUSDT...
  Analyzing AVAXUSDT...
    AVAXUSDT: Skip — HTF Neutral
  Analyzing XRPUSDT...
  No signals. Next scan in 5 menit.

[09:59:18] Scan #271 | Mode: scalping
Balance: $6.31 | PnL: $0.00
  Analyzing BTCUSDT...
  Analyzing ETHUSDT...
  Analyzing SOLUSDT...
    SOLUSDT: Skip — HTF Neutral
  Analyzing BNBUSDT...
  Analyzing SUIUSDT...
  Analyzing AVAXUSDT...
    AVAXUSDT: Skip — HTF Neutral
  Analyzing XRPUSDT...
  No signals. Next scan in 5 menit.

[10:04:25] Scan #272 | Mode: scalping
Balance: $6.31 | PnL: $0.00
  Analyzing BTCUSDT...
  Analyzing ETHUSDT...
  Analyzing SOLUSDT...
    SOLUSDT: Skip — HTF Neutral
  Analyzing BNBUSDT...
  Analyzing SUIUSDT...
  Analyzing AVAXUSDT...
    AVAXUSDT: Skip — HTF Neutral
  Analyzing XRPUSDT...
  No signals. Next scan in 5 menit.

[10:09:32] Scan #273 | Mode: scalping
Balance: $6.31 | PnL: $0.00
  Analyzing BTCUSDT...
  Analyzing ETHUSDT...
  Analyzing SOLUSDT...
    SOLUSDT: Skip — HTF Neutral
  Analyzing BNBUSDT...
  Analyzing SUIUSDT...
  Analyzing AVAXUSDT...
    AVAXUSDT: Skip — HTF Neutral
  Analyzing XRPUSDT...
  No signals. Next scan in 5 menit.

[10:14:49] Scan #274 | Mode: scalping
Balance: $6.31 | PnL: $0.00
  Analyzing BTCUSDT...
  Analyzing ETHUSDT...
  Analyzing SOLUSDT...
    SOLUSDT: Skip — HTF Neutral
  Analyzing BNBUSDT...
  Analyzing SUIUSDT...
  Analyzing AVAXUSDT...
    AVAXUSDT: Skip — HTF Neutral
  Analyzing XRPUSDT...
  No signals. Next scan in 5 menit.

[10:19:56] Scan #275 | Mode: scalping
Balance: $6.31 | PnL: $0.00
  Analyzing BTCUSDT...
  Analyzing ETHUSDT...
  Analyzing SOLUSDT...
    SOLUSDT: Skip — HTF Neutral
  Analyzing BNBUSDT...
  Analyzing SUIUSDT...
  Analyzing AVAXUSDT...
    AVAXUSDT: Skip — HTF Neutral
  Analyzing XRPUSDT...
  No signals. Next scan in 5 menit.

[10:25:03] Scan #276 | Mode: scalping
Balance: $6.31 | PnL: $0.00
  Analyzing BTCUSDT...
  Analyzing ETHUSDT...
  Analyzing SOLUSDT...
    SOLUSDT: Skip — HTF Neutral
  Analyzing BNBUSDT...
  Analyzing SUIUSDT...
  Analyzing AVAXUSDT...
    AVAXUSDT: Skip — HTF Neutral
  Analyzing XRPUSDT...
  No signals. Next scan in 5 menit.

[10:30:12] Scan #277 | Mode: scalping
Balance: $6.31 | PnL: $0.00
  Analyzing BTCUSDT...
  Analyzing ETHUSDT...
  Analyzing SOLUSDT...
    SOLUSDT: Skip — HTF Neutral
  Analyzing BNBUSDT...
  Analyzing SUIUSDT...
  Analyzing AVAXUSDT...
    AVAXUSDT: Skip — HTF Neutral
  Analyzing XRPUSDT...
  No signals. Next scan in 5 menit.

[10:35:18] Scan #278 | Mode: scalping
Balance: $6.31 | PnL: $0.00
  Analyzing BTCUSDT...
  Analyzing ETHUSDT...
  Analyzing SOLUSDT...
    SOLUSDT: Skip — HTF Neutral
  Analyzing BNBUSDT...
  Analyzing SUIUSDT...
  Analyzing AVAXUSDT...
    AVAXUSDT: Skip — HTF Neutral
  Analyzing XRPUSDT...
  No signals. Next scan in 5 menit.

[10:40:25] Scan #279 | Mode: scalping
Balance: $6.31 | PnL: $0.00
  Analyzing BTCUSDT...
  Analyzing ETHUSDT...
  Analyzing SOLUSDT...
    SOLUSDT: Skip — HTF Neutral
  Analyzing BNBUSDT...
  Analyzing SUIUSDT...
  Analyzing AVAXUSDT...
    AVAXUSDT: Skip — HTF Neutral
  Analyzing XRPUSDT...
  No signals. Next scan in 5 menit.

[10:45:59] Scan #280 | Mode: scalping
Balance: $6.31 | PnL: $0.00
  Analyzing BTCUSDT...
  Analyzing ETHUSDT...
  Analyzing SOLUSDT...
    SOLUSDT: Skip — HTF Neutral
  Analyzing BNBUSDT...
  Analyzing SUIUSDT...
  Analyzing AVAXUSDT...
    AVAXUSDT: Skip — HTF Neutral
  Analyzing XRPUSDT...
  No signals. Next scan in 5 menit.

[10:51:35] Scan #281 | Mode: scalping
Balance: $6.31 | PnL: $0.00
  Analyzing BTCUSDT...
  Analyzing ETHUSDT...
  Analyzing SOLUSDT...
    SOLUSDT: Skip — HTF Neutral
  Analyzing BNBUSDT...
  Analyzing SUIUSDT...
  Analyzing AVAXUSDT...
    AVAXUSDT: Skip — HTF Neutral
  Analyzing XRPUSDT...
  No signals. Next scan in 5 menit.

[10:57:10] Scan #282 | Mode: scalping
Balance: $6.31 | PnL: $0.00
  Analyzing BTCUSDT...
  Analyzing ETHUSDT...
  Analyzing SOLUSDT...
    SOLUSDT: Skip — HTF Neutral
  Analyzing BNBUSDT...
  Analyzing SUIUSDT...
  Analyzing AVAXUSDT...
    AVAXUSDT: Skip — HTF Neutral
  Analyzing XRPUSDT...
  No signals. Next scan in 5 menit.

[11:02:46] Scan #283 | Mode: scalping
Balance: $6.31 | PnL: $0.00
  Analyzing BTCUSDT...
  Analyzing ETHUSDT...
  Analyzing SOLUSDT...
    SOLUSDT: Skip — HTF Neutral
  Analyzing BNBUSDT...
  Analyzing SUIUSDT...
  Analyzing AVAXUSDT...
    AVAXUSDT: Skip — HTF Neutral
  Analyzing XRPUSDT...
  No signals. Next scan in 5 menit.

[11:08:21] Scan #284 | Mode: scalping
Balance: $6.31 | PnL: $0.00
  Analyzing BTCUSDT...
  Analyzing ETHUSDT...
  Analyzing SOLUSDT...
    SOLUSDT: Skip — HTF Neutral
  Analyzing BNBUSDT...
  Analyzing SUIUSDT...
  Analyzing AVAXUSDT...
    AVAXUSDT: Skip — HTF Neutral
  Analyzing XRPUSDT...
  No signals. Next scan in 5 menit.

[11:13:28] Scan #285 | Mode: scalping
Balance: $6.30 | PnL: $0.00
  Analyzing BTCUSDT...
  Analyzing ETHUSDT...
  Analyzing SOLUSDT...
    SOLUSDT: Skip — HTF Neutral
  Analyzing BNBUSDT...
  Analyzing SUIUSDT...
  Analyzing AVAXUSDT...
    AVAXUSDT: Skip — HTF Neutral
  Analyzing XRPUSDT...
  No signals. Next scan in 5 menit.

[11:18:35] Scan #286 | Mode: scalping
Balance: $6.31 | PnL: $0.00
  Analyzing BTCUSDT...
  Analyzing ETHUSDT...
  Analyzing SOLUSDT...
    SOLUSDT: Skip — HTF Neutral
  Analyzing BNBUSDT...
  Analyzing SUIUSDT...
  Analyzing AVAXUSDT...
    AVAXUSDT: Skip — HTF Neutral
  Analyzing XRPUSDT...
  No signals. Next scan in 5 menit.

[11:23:42] Scan #287 | Mode: scalping
Balance: $6.31 | PnL: $0.00
  Analyzing BTCUSDT...
  Analyzing ETHUSDT...
  Analyzing SOLUSDT...
    SOLUSDT: Skip — HTF Neutral
  Analyzing BNBUSDT...
  Analyzing SUIUSDT...
    SUIUSDT: Skip — HTF Neutral
  Analyzing AVAXUSDT...
    AVAXUSDT: Skip — HTF Neutral
  Analyzing XRPUSDT...
  No signals. Next scan in 5 menit.

[11:28:48] Scan #288 | Mode: scalping
Balance: $6.31 | PnL: $0.00
  Analyzing BTCUSDT...
  Analyzing ETHUSDT...
  Analyzing SOLUSDT...
    SOLUSDT: Skip — HTF Neutral
  Analyzing BNBUSDT...
  Analyzing SUIUSDT...
    SUIUSDT: Skip — HTF Neutral
  Analyzing AVAXUSDT...
    AVAXUSDT: Skip — HTF Neutral
  Analyzing XRPUSDT...
  No signals. Next scan in 5 menit.

[11:33:54] Scan #289 | Mode: scalping
Balance: $6.31 | PnL: $0.00
  Analyzing BTCUSDT...
  Analyzing ETHUSDT...
  Analyzing SOLUSDT...
    SOLUSDT: Skip — HTF Neutral
  Analyzing BNBUSDT...
  Analyzing SUIUSDT...
  Analyzing AVAXUSDT...
    AVAXUSDT: Skip — HTF Neutral
  Analyzing XRPUSDT...
  No signals. Next scan in 5 menit.

[11:39:01] Scan #290 | Mode: scalping
Balance: $6.31 | PnL: $0.00
  Analyzing BTCUSDT...
  Analyzing ETHUSDT...
  Analyzing SOLUSDT...
    SOLUSDT: Skip — HTF Neutral
  Analyzing BNBUSDT...
  Analyzing SUIUSDT...
  Analyzing AVAXUSDT...
    AVAXUSDT: Skip — HTF Neutral
  Analyzing XRPUSDT...
  No signals. Next scan in 5 menit.

[11:44:08] Scan #291 | Mode: scalping
Balance: $6.31 | PnL: $0.00
  Analyzing BTCUSDT...
  Analyzing ETHUSDT...
  Analyzing SOLUSDT...
    SOLUSDT: Skip — HTF Neutral
  Analyzing BNBUSDT...
  Analyzing SUIUSDT...
  Analyzing AVAXUSDT...
    AVAXUSDT: Skip — HTF Neutral
  Analyzing XRPUSDT...
  No signals. Next scan in 5 menit.

[11:49:15] Scan #292 | Mode: scalping
Balance: $6.31 | PnL: $0.00
  Analyzing BTCUSDT...
  Analyzing ETHUSDT...
  Analyzing SOLUSDT...
    SOLUSDT: Skip — HTF Neutral
  Analyzing BNBUSDT...
  Analyzing SUIUSDT...
  Analyzing AVAXUSDT...
    AVAXUSDT: Skip — HTF Neutral
  Analyzing XRPUSDT...
  No signals. Next scan in 5 menit.

[11:54:22] Scan #293 | Mode: scalping
Balance: $6.30 | PnL: $0.00
  Analyzing BTCUSDT...
  Analyzing ETHUSDT...
  Analyzing SOLUSDT...
    SOLUSDT: Skip — HTF Neutral
  Analyzing BNBUSDT...
  Analyzing SUIUSDT...
  Analyzing AVAXUSDT...
    AVAXUSDT: Skip — HTF Neutral
  Analyzing XRPUSDT...
  No signals. Next scan in 5 menit.

[11:59:35] Scan #294 | Mode: scalping
Balance: $6.31 | PnL: $0.00
  Analyzing BTCUSDT...
  Analyzing ETHUSDT...
  Analyzing SOLUSDT...
    SOLUSDT: Skip — HTF Neutral
  Analyzing BNBUSDT...
  Analyzing SUIUSDT...
  Analyzing AVAXUSDT...
    AVAXUSDT: Skip — HTF Neutral
  Analyzing XRPUSDT...
  No signals. Next scan in 5 menit.

[12:04:42] Scan #295 | Mode: scalping
Balance: $6.31 | PnL: $0.00
  Analyzing BTCUSDT...
  Analyzing ETHUSDT...
    ETHUSDT: Skip — ADX 19.3 < 20 (sideways)
  Analyzing SOLUSDT...
    SOLUSDT: Skip — HTF Neutral
  Analyzing BNBUSDT...
  Analyzing SUIUSDT...
  Analyzing AVAXUSDT...
    AVAXUSDT: Skip — HTF Neutral
  Analyzing XRPUSDT...
  No signals. Next scan in 5 menit.

[12:09:49] Scan #296 | Mode: scalping
Balance: $6.31 | PnL: $0.00
  Analyzing BTCUSDT...
  Analyzing ETHUSDT...
  Analyzing SOLUSDT...
    SOLUSDT: Skip — HTF Neutral
  Analyzing BNBUSDT...
    BNBUSDT: Skip — HTF Neutral
  Analyzing SUIUSDT...
    SUIUSDT: Skip — HTF Neutral
  Analyzing AVAXUSDT...
    AVAXUSDT: Skip — HTF Neutral
  Analyzing XRPUSDT...
  No signals. Next scan in 5 menit.

[12:14:55] Scan #297 | Mode: scalping
Balance: $6.31 | PnL: $0.00
  Analyzing BTCUSDT...
  Analyzing ETHUSDT...
  Analyzing SOLUSDT...
    SOLUSDT: Skip — HTF Neutral
  Analyzing BNBUSDT...
    BNBUSDT: Skip — HTF Neutral
  Analyzing SUIUSDT...
    SUIUSDT: Skip — HTF Neutral
  Analyzing AVAXUSDT...
    AVAXUSDT: Skip — HTF Neutral
  Analyzing XRPUSDT...
  No signals. Next scan in 5 menit.

[12:20:03] Scan #298 | Mode: scalping
Balance: $6.31 | PnL: $0.00
  Analyzing BTCUSDT...
  Analyzing ETHUSDT...
  Analyzing SOLUSDT...
    SOLUSDT: Skip — HTF Neutral
  Analyzing BNBUSDT...
    BNBUSDT: Skip — HTF Neutral
  Analyzing SUIUSDT...
    SUIUSDT: Skip — HTF Neutral
  Analyzing AVAXUSDT...
    AVAXUSDT: Skip — HTF Neutral
  Analyzing XRPUSDT...
  No signals. Next scan in 5 menit.

[12:25:09] Scan #299 | Mode: scalping
Balance: $6.31 | PnL: $0.00
  Analyzing BTCUSDT...
  Analyzing ETHUSDT...
  Analyzing SOLUSDT...
    SOLUSDT: Skip — HTF Neutral
  Analyzing BNBUSDT...
    BNBUSDT: Skip — HTF Neutral
  Analyzing SUIUSDT...
    SUIUSDT: Skip — HTF Neutral
  Analyzing AVAXUSDT...
    AVAXUSDT: Skip — HTF Neutral
  Analyzing XRPUSDT...
  No signals. Next scan in 5 menit.

[12:30:16] Scan #300 | Mode: scalping
Balance: $6.31 | PnL: $0.00
  Analyzing BTCUSDT...
  Analyzing ETHUSDT...
  Analyzing SOLUSDT...
    SOLUSDT: Skip — HTF Neutral
  Analyzing BNBUSDT...
    BNBUSDT: Skip — HTF Neutral
  Analyzing SUIUSDT...
    SUIUSDT: Skip — HTF Neutral
  Analyzing AVAXUSDT...
    AVAXUSDT: Skip — HTF Neutral
  Analyzing XRPUSDT...
  No signals. Next scan in 5 menit.

[12:35:32] Scan #301 | Mode: scalping
Balance: $6.31 | PnL: $0.00
  Analyzing BTCUSDT...
  Analyzing ETHUSDT...
  Analyzing SOLUSDT...
    SOLUSDT: Skip — HTF Neutral
  Analyzing BNBUSDT...
    BNBUSDT: Skip — HTF Neutral
  Analyzing SUIUSDT...
    SUIUSDT: Skip — HTF Neutral
  Analyzing AVAXUSDT...
    AVAXUSDT: Skip — HTF Neutral
  Analyzing XRPUSDT...
  No signals. Next scan in 5 menit.

[12:40:37] Scan #302 | Mode: scalping
Balance: $6.31 | PnL: $0.00
  Analyzing BTCUSDT...
  Analyzing ETHUSDT...
  Analyzing SOLUSDT...
    SOLUSDT: Skip — HTF Neutral
  Analyzing BNBUSDT...
    BNBUSDT: Skip — HTF Neutral
  Analyzing SUIUSDT...
    SUIUSDT: Skip — HTF Neutral
  Analyzing AVAXUSDT...
    AVAXUSDT: Skip — HTF Neutral
  Analyzing XRPUSDT...
  No signals. Next scan in 5 menit.

[12:45:43] Scan #303 | Mode: scalping
Balance: $6.31 | PnL: $0.00
  Analyzing BTCUSDT...
  Analyzing ETHUSDT...
  Analyzing SOLUSDT...
    SOLUSDT: Skip — HTF Neutral
  Analyzing BNBUSDT...
    BNBUSDT: Skip — HTF Neutral
  Analyzing SUIUSDT...
    SUIUSDT: Skip — HTF Neutral
  Analyzing AVAXUSDT...
    AVAXUSDT: Skip — HTF Neutral
  Analyzing XRPUSDT...
  No signals. Next scan in 5 menit.

[12:50:49] Scan #304 | Mode: scalping
Balance: $6.31 | PnL: $0.00
  Analyzing BTCUSDT...
  Analyzing ETHUSDT...
  Analyzing SOLUSDT...
    SOLUSDT: Skip — HTF Neutral
  Analyzing BNBUSDT...
    BNBUSDT: Skip — HTF Neutral
  Analyzing SUIUSDT...
    SUIUSDT: Skip — HTF Neutral
  Analyzing AVAXUSDT...
    AVAXUSDT: Skip — HTF Neutral
  Analyzing XRPUSDT...
  No signals. Next scan in 5 menit.

[12:56:00] Scan #305 | Mode: scalping
Balance: $6.31 | PnL: $0.00
  Analyzing BTCUSDT...
  Analyzing ETHUSDT...
  Analyzing SOLUSDT...
    SOLUSDT: Skip — HTF Neutral
  Analyzing BNBUSDT...
    BNBUSDT: Skip — HTF Neutral
  Analyzing SUIUSDT...
    SUIUSDT: Skip — HTF Neutral
  Analyzing AVAXUSDT...
    AVAXUSDT: Skip — HTF Neutral
  Analyzing XRPUSDT...
  No signals. Next scan in 5 menit.

[13:01:06] Scan #306 | Mode: scalping
Balance: $6.31 | PnL: $0.00
  Analyzing BTCUSDT...
  Analyzing ETHUSDT...
  Analyzing SOLUSDT...
    SOLUSDT: Skip — HTF Neutral
  Analyzing BNBUSDT...
    BNBUSDT: Skip — HTF Neutral
  Analyzing SUIUSDT...
    SUIUSDT: Skip — HTF Neutral
  Analyzing AVAXUSDT...
    AVAXUSDT: Skip — HTF Neutral
  Analyzing XRPUSDT...
  No signals. Next scan in 5 menit.

[13:06:12] Scan #307 | Mode: scalping
Balance: $6.31 | PnL: $0.00
  Analyzing BTCUSDT...
  Analyzing ETHUSDT...
  Analyzing SOLUSDT...
    SOLUSDT: Skip — HTF Neutral
  Analyzing BNBUSDT...
    BNBUSDT: Skip — HTF Neutral
  Analyzing SUIUSDT...
    SUIUSDT: Skip — HTF Neutral
  Analyzing AVAXUSDT...
    AVAXUSDT: Skip — HTF Neutral
  Analyzing XRPUSDT...
  No signals. Next scan in 5 menit.

[13:11:17] Scan #308 | Mode: scalping
Balance: $6.31 | PnL: $0.00
  Analyzing BTCUSDT...
  Analyzing ETHUSDT...
  Analyzing SOLUSDT...
    SOLUSDT: Skip — HTF Neutral
  Analyzing BNBUSDT...
    BNBUSDT: Skip — HTF Neutral
  Analyzing SUIUSDT...
    SUIUSDT: Skip — HTF Neutral
  Analyzing AVAXUSDT...
    AVAXUSDT: Skip — HTF Neutral
  Analyzing XRPUSDT...
  No signals. Next scan in 5 menit.

[13:16:23] Scan #309 | Mode: scalping
Balance: $6.31 | PnL: $0.00
  Analyzing BTCUSDT...
  Analyzing ETHUSDT...
    ETHUSDT: Skip — ADX 19.1 < 20 (sideways)
  Analyzing SOLUSDT...
    SOLUSDT: Skip — HTF Neutral
  Analyzing BNBUSDT...
    BNBUSDT: Skip — HTF Neutral
  Analyzing SUIUSDT...
    SUIUSDT: Skip — HTF Neutral
  Analyzing AVAXUSDT...
    AVAXUSDT: Skip — HTF Neutral
  Analyzing XRPUSDT...
  No signals. Next scan in 5 menit.

[13:21:29] Scan #310 | Mode: scalping
Balance: $6.31 | PnL: $0.00
  Analyzing BTCUSDT...
  Analyzing ETHUSDT...
    ETHUSDT: Skip — ADX 19.1 < 20 (sideways)
  Analyzing SOLUSDT...
    SOLUSDT: Skip — HTF Neutral
  Analyzing BNBUSDT...
  Analyzing SUIUSDT...
    SUIUSDT: Skip — HTF Neutral
  Analyzing AVAXUSDT...
    AVAXUSDT: Skip — HTF Neutral
  Analyzing XRPUSDT...
  No signals. Next scan in 5 menit.

[13:26:35] Scan #311 | Mode: scalping
Balance: $6.31 | PnL: $0.00
  Analyzing BTCUSDT...
  Analyzing ETHUSDT...
    ETHUSDT: Skip — ADX 19.1 < 20 (sideways)
  Analyzing SOLUSDT...
    SOLUSDT: Skip — HTF Neutral
  Analyzing BNBUSDT...
  Analyzing SUIUSDT...
    SUIUSDT: Skip — HTF Neutral
  Analyzing AVAXUSDT...
    AVAXUSDT: Skip — HTF Neutral
  Analyzing XRPUSDT...
  No signals. Next scan in 5 menit.

[13:31:41] Scan #312 | Mode: scalping
Balance: $6.31 | PnL: $0.00
  Analyzing BTCUSDT...
  Analyzing ETHUSDT...
    ETHUSDT: Skip — ADX 17.5 < 20 (sideways)
  Analyzing SOLUSDT...
    SOLUSDT: Skip — HTF Neutral
  Analyzing BNBUSDT...
  Analyzing SUIUSDT...
    SUIUSDT: Skip — HTF Neutral
  Analyzing AVAXUSDT...
    AVAXUSDT: Skip — HTF Neutral
  Analyzing XRPUSDT...
  No signals. Next scan in 5 menit.

[13:36:47] Scan #313 | Mode: scalping
Balance: $6.31 | PnL: $0.00
  Analyzing BTCUSDT...
  Analyzing ETHUSDT...
    ETHUSDT: Skip — ADX 17.9 < 20 (sideways)
  Analyzing SOLUSDT...
    SOLUSDT: Skip — HTF Neutral
  Analyzing BNBUSDT...
  Analyzing SUIUSDT...
    SUIUSDT: Skip — ADX 17.8 < 20 (sideways)
  Analyzing AVAXUSDT...
    AVAXUSDT: Skip — HTF Neutral
  Analyzing XRPUSDT...
  No signals. Next scan in 5 menit.

[13:41:54] Scan #314 | Mode: scalping
Balance: $6.31 | PnL: $0.00
  Analyzing BTCUSDT...
  Analyzing ETHUSDT...
    ETHUSDT: Skip — ADX 18.9 < 20 (sideways)
  Analyzing SOLUSDT...
    SOLUSDT: Skip — HTF Neutral
  Analyzing BNBUSDT...
  Analyzing SUIUSDT...
    SUIUSDT: Skip — ADX 18.9 < 20 (sideways)
  Analyzing AVAXUSDT...
    AVAXUSDT: Skip — HTF Neutral
  Analyzing XRPUSDT...
  No signals. Next scan in 5 menit.

[13:47:00] Scan #315 | Mode: scalping
Balance: $6.31 | PnL: $0.00
  Analyzing BTCUSDT...
  Analyzing ETHUSDT...
    ETHUSDT: Skip — ADX 18.6 < 20 (sideways)
  Analyzing SOLUSDT...
    SOLUSDT: Skip — HTF Neutral
  Analyzing BNBUSDT...
  Analyzing SUIUSDT...
    SUIUSDT: Skip — ADX 18.2 < 20 (sideways)
  Analyzing AVAXUSDT...
    AVAXUSDT: Skip — HTF Neutral
  Analyzing XRPUSDT...
  No signals. Next scan in 5 menit.

[13:52:07] Scan #316 | Mode: scalping
Balance: $6.31 | PnL: $0.00
  Analyzing BTCUSDT...
  Analyzing ETHUSDT...
    ETHUSDT: Skip — ADX 18.6 < 20 (sideways)
  Analyzing SOLUSDT...
    SOLUSDT: Skip — HTF Neutral
  Analyzing BNBUSDT...
  Analyzing SUIUSDT...
    SUIUSDT: Skip — ADX 18.2 < 20 (sideways)
  Analyzing AVAXUSDT...
    AVAXUSDT: Skip — HTF Neutral
  Analyzing XRPUSDT...
  No signals. Next scan in 5 menit.

[13:57:14] Scan #317 | Mode: scalping
Balance: $6.31 | PnL: $0.00
  Analyzing BTCUSDT...
  Analyzing ETHUSDT...
    ETHUSDT: Skip — ADX 18.6 < 20 (sideways)
  Analyzing SOLUSDT...
    SOLUSDT: Skip — HTF Neutral
  Analyzing BNBUSDT...
  Analyzing SUIUSDT...
    SUIUSDT: Skip — ADX 18.2 < 20 (sideways)
  Analyzing AVAXUSDT...
    AVAXUSDT: Skip — HTF Neutral
  Analyzing XRPUSDT...
  No signals. Next scan in 5 menit.

[14:02:20] Scan #318 | Mode: scalping
Balance: $6.31 | PnL: $0.00
  Analyzing BTCUSDT...
  Analyzing ETHUSDT...
    ETHUSDT: Skip — ADX 18.3 < 20 (sideways)
  Analyzing SOLUSDT...
    SOLUSDT: Skip — HTF Neutral
  Analyzing BNBUSDT...
  Analyzing SUIUSDT...
    SUIUSDT: Skip — ADX 17.6 < 20 (sideways)
  Analyzing AVAXUSDT...
    AVAXUSDT: Skip — HTF Neutral
  Analyzing XRPUSDT...
  No signals. Next scan in 5 menit.

[14:07:27] Scan #319 | Mode: scalping
Balance: $6.31 | PnL: $0.00
  Analyzing BTCUSDT...
  Analyzing ETHUSDT...
    ETHUSDT: Skip — ADX 18.3 < 20 (sideways)
  Analyzing SOLUSDT...
    SOLUSDT: Skip — HTF Neutral
  Analyzing BNBUSDT...
  Analyzing SUIUSDT...
    SUIUSDT: Skip — ADX 17.6 < 20 (sideways)
  Analyzing AVAXUSDT...
    AVAXUSDT: Skip — HTF Neutral
  Analyzing XRPUSDT...
  No signals. Next scan in 5 menit.

[14:12:34] Scan #320 | Mode: scalping
Balance: $6.31 | PnL: $0.00
  Analyzing BTCUSDT...
  Analyzing ETHUSDT...
    ETHUSDT: Skip — ADX 18.3 < 20 (sideways)
  Analyzing SOLUSDT...
    SOLUSDT: Skip — HTF Neutral
  Analyzing BNBUSDT...
  Analyzing SUIUSDT...
    SUIUSDT: Skip — ADX 17.6 < 20 (sideways)
  Analyzing AVAXUSDT...
    AVAXUSDT: Skip — HTF Neutral
  Analyzing XRPUSDT...
  No signals. Next scan in 5 menit.

[14:17:41] Scan #321 | Mode: scalping
Balance: $6.31 | PnL: $0.00
  Analyzing BTCUSDT...
  Analyzing ETHUSDT...
    ETHUSDT: Skip — ADX 16.7 < 20 (sideways)
  Analyzing SOLUSDT...
    SOLUSDT: Skip — HTF Neutral
  Analyzing BNBUSDT...
  Analyzing SUIUSDT...
    SUIUSDT: Skip — ADX 16.8 < 20 (sideways)
  Analyzing AVAXUSDT...
    AVAXUSDT: Skip — HTF Neutral
  Analyzing XRPUSDT...
    XRPUSDT: Skip — ADX 19.2 < 20 (sideways)
  No signals. Next scan in 5 menit.

[14:22:47] Scan #322 | Mode: scalping
Balance: $6.30 | PnL: $0.00
  Analyzing BTCUSDT...
  Analyzing ETHUSDT...
    ETHUSDT: Skip — ADX 18.9 < 20 (sideways)
  Analyzing SOLUSDT...
    SOLUSDT: Skip — ADX 19.1 < 20 (sideways)
  Analyzing BNBUSDT...
  Analyzing SUIUSDT...
    SUIUSDT: Skip — ADX 18.5 < 20 (sideways)
  Analyzing AVAXUSDT...
    AVAXUSDT: Skip — HTF Neutral
  Analyzing XRPUSDT...
  No signals. Next scan in 5 menit.

[14:27:54] Scan #323 | Mode: scalping
Balance: $6.30 | PnL: $0.00
  Analyzing BTCUSDT...
  Analyzing ETHUSDT...
    ETHUSDT: Skip — ADX 19.9 < 20 (sideways)
  Analyzing SOLUSDT...
    SOLUSDT: Skip — ADX 19.5 < 20 (sideways)
  Analyzing BNBUSDT...
  Analyzing SUIUSDT...
    SUIUSDT: Skip — ADX 19.1 < 20 (sideways)
  Analyzing AVAXUSDT...
    AVAXUSDT: Skip — HTF Neutral
  Analyzing XRPUSDT...
  No signals. Next scan in 5 menit.

[14:33:01] Scan #324 | Mode: scalping
Balance: $6.30 | PnL: $0.00
  Analyzing BTCUSDT...
  Analyzing ETHUSDT...
  Analyzing SOLUSDT...
  Analyzing BNBUSDT...
  Analyzing SUIUSDT...
  Analyzing AVAXUSDT...
    AVAXUSDT: Skip — HTF Neutral
  Analyzing XRPUSDT...
  No signals. Next scan in 5 menit.

[14:38:07] Scan #325 | Mode: scalping
Balance: $6.30 | PnL: $0.00
  Analyzing BTCUSDT...
  Analyzing ETHUSDT...
  Analyzing SOLUSDT...
    SOLUSDT: Skip — HTF Neutral
  Analyzing BNBUSDT...
  Analyzing SUIUSDT...
  Analyzing AVAXUSDT...
    AVAXUSDT: Skip — HTF Neutral
  Analyzing XRPUSDT...
  No signals. Next scan in 5 menit.

[14:43:21] Scan #326 | Mode: scalping
Balance: $6.30 | PnL: $0.00
  Analyzing BTCUSDT...
  Analyzing ETHUSDT...
  Analyzing SOLUSDT...
    SOLUSDT: Skip — HTF Neutral
  Analyzing BNBUSDT...
  Analyzing SUIUSDT...
  Analyzing AVAXUSDT...
    AVAXUSDT: Skip — HTF Neutral
  Analyzing XRPUSDT...
  No signals. Next scan in 5 menit.

[14:48:34] Scan #327 | Mode: scalping
Balance: $6.30 | PnL: $0.00
  Analyzing BTCUSDT...
  Analyzing ETHUSDT...
  Analyzing SOLUSDT...
    SOLUSDT: Skip — HTF Neutral
  Analyzing BNBUSDT...
  Analyzing SUIUSDT...
  Analyzing AVAXUSDT...
    AVAXUSDT: Skip — HTF Neutral
  Analyzing XRPUSDT...
  No signals. Next scan in 5 menit.

[14:53:47] Scan #328 | Mode: scalping
Balance: $6.31 | PnL: $0.00
  Analyzing BTCUSDT...
  Analyzing ETHUSDT...
  Analyzing SOLUSDT...
    SOLUSDT: Skip — HTF Neutral
  Analyzing BNBUSDT...
  Analyzing SUIUSDT...
  Analyzing AVAXUSDT...
    AVAXUSDT: Skip — HTF Neutral
  Analyzing XRPUSDT...
  No signals. Next scan in 5 menit.

[14:59:01] Scan #329 | Mode: scalping
Balance: $6.30 | PnL: $0.00
  Analyzing BTCUSDT...
  Analyzing ETHUSDT...
  Analyzing SOLUSDT...
    SOLUSDT: Skip — HTF Neutral
  Analyzing BNBUSDT...
  Analyzing SUIUSDT...
  Analyzing AVAXUSDT...
    AVAXUSDT: Skip — HTF Neutral
  Analyzing XRPUSDT...
  No signals. Next scan in 5 menit.

[15:04:07] Scan #330 | Mode: scalping
Balance: $6.30 | PnL: $0.00
  Analyzing BTCUSDT...
  Analyzing ETHUSDT...
  Analyzing SOLUSDT...
    SOLUSDT: Skip — HTF Neutral
  Analyzing BNBUSDT...
  Analyzing SUIUSDT...
  Analyzing AVAXUSDT...
    AVAXUSDT: Skip — HTF Neutral
  Analyzing XRPUSDT...
  No signals. Next scan in 5 menit.

[15:09:14] Scan #331 | Mode: scalping
Balance: $6.30 | PnL: $0.00
  Analyzing BTCUSDT...
  Analyzing ETHUSDT...
  Analyzing SOLUSDT...
    SOLUSDT: Skip — HTF Neutral
  Analyzing BNBUSDT...
  Analyzing SUIUSDT...
  Analyzing AVAXUSDT...
    AVAXUSDT: Skip — HTF Neutral
  Analyzing XRPUSDT...
  No signals. Next scan in 5 menit.

[15:14:21] Scan #332 | Mode: scalping
Balance: $6.30 | PnL: $0.00
  Analyzing BTCUSDT...
  Analyzing ETHUSDT...
  Analyzing SOLUSDT...
    SOLUSDT: Skip — HTF Neutral
  Analyzing BNBUSDT...
  Analyzing SUIUSDT...
  Analyzing AVAXUSDT...
    AVAXUSDT: Skip — HTF Neutral
  Analyzing XRPUSDT...
  No signals. Next scan in 5 menit.

[15:19:28] Scan #333 | Mode: scalping
Balance: $6.30 | PnL: $0.00
  Analyzing BTCUSDT...
  Analyzing ETHUSDT...
  Analyzing SOLUSDT...
  Analyzing BNBUSDT...
  Analyzing SUIUSDT...
  Analyzing AVAXUSDT...
    AVAXUSDT: Skip — HTF Neutral
  Analyzing XRPUSDT...
  No signals. Next scan in 5 menit.

[15:24:35] Scan #334 | Mode: scalping
Balance: $6.30 | PnL: $0.00
  Analyzing BTCUSDT...
  Analyzing ETHUSDT...
  Analyzing SOLUSDT...
  Analyzing BNBUSDT...
  Analyzing SUIUSDT...
  Analyzing AVAXUSDT...
    AVAXUSDT: Skip — HTF Neutral
  Analyzing XRPUSDT...
  No signals. Next scan in 5 menit.

[15:29:42] Scan #335 | Mode: scalping
Balance: $6.30 | PnL: $0.00
  Analyzing BTCUSDT...
  Analyzing ETHUSDT...
  Analyzing SOLUSDT...
  Analyzing BNBUSDT...
  Analyzing SUIUSDT...
  Analyzing AVAXUSDT...
    AVAXUSDT: Skip — HTF Neutral
  Analyzing XRPUSDT...
  No signals. Next scan in 5 menit.

[15:34:49] Scan #336 | Mode: scalping
Balance: $6.31 | PnL: $0.00
  Analyzing BTCUSDT...
  Analyzing ETHUSDT...
  Analyzing SOLUSDT...
  Analyzing BNBUSDT...
  Analyzing SUIUSDT...
  Analyzing AVAXUSDT...
    AVAXUSDT: Skip — HTF Neutral
  Analyzing XRPUSDT...
  No signals. Next scan in 5 menit.

[15:39:56] Scan #337 | Mode: scalping
Balance: $6.31 | PnL: $0.00
  Analyzing BTCUSDT...
  Analyzing ETHUSDT...
  Analyzing SOLUSDT...
    SOLUSDT: Skip — HTF Neutral
  Analyzing BNBUSDT...
  Analyzing SUIUSDT...
  Analyzing AVAXUSDT...
    AVAXUSDT: Skip — HTF Neutral
  Analyzing XRPUSDT...
  No signals. Next scan in 5 menit.

[15:45:31] Scan #338 | Mode: scalping
Balance: $6.31 | PnL: $0.00
  Analyzing BTCUSDT...
  Analyzing ETHUSDT...
  Analyzing SOLUSDT...
    SOLUSDT: Skip — HTF Neutral
  Analyzing BNBUSDT...
  Analyzing SUIUSDT...
  Analyzing AVAXUSDT...
    AVAXUSDT: Skip — HTF Neutral
  Analyzing XRPUSDT...
  No signals. Next scan in 5 menit.

[15:50:38] Scan #339 | Mode: scalping
Balance: $6.30 | PnL: $0.00
  Analyzing BTCUSDT...
  Analyzing ETHUSDT...
  Analyzing SOLUSDT...
    SOLUSDT: Skip — HTF Neutral
  Analyzing BNBUSDT...
  Analyzing SUIUSDT...
  Analyzing AVAXUSDT...
    AVAXUSDT: Skip — HTF Neutral
  Analyzing XRPUSDT...
  No signals. Next scan in 5 menit.

[15:55:44] Scan #340 | Mode: scalping
Balance: $6.30 | PnL: $0.00
  Analyzing BTCUSDT...
  Analyzing ETHUSDT...
  Analyzing SOLUSDT...
    SOLUSDT: Skip — HTF Neutral
  Analyzing BNBUSDT...
  Analyzing SUIUSDT...
  Analyzing AVAXUSDT...
    AVAXUSDT: Skip — HTF Neutral
  Analyzing XRPUSDT...
  No signals. Next scan in 5 menit.

[16:01:20] Scan #341 | Mode: scalping
Balance: $6.30 | PnL: $0.00
  Analyzing BTCUSDT...
  Analyzing ETHUSDT...
  Analyzing SOLUSDT...
    SOLUSDT: Skip — HTF Neutral
  Analyzing BNBUSDT...
  Analyzing SUIUSDT...
  Analyzing AVAXUSDT...
    AVAXUSDT: Skip — HTF Neutral
  Analyzing XRPUSDT...
  No signals. Next scan in 5 menit.

[16:06:33] Scan #342 | Mode: scalping
Balance: $6.30 | PnL: $0.00
  Analyzing BTCUSDT...
  Analyzing ETHUSDT...
  Analyzing SOLUSDT...
  Analyzing BNBUSDT...
  Analyzing SUIUSDT...
  Analyzing AVAXUSDT...
    AVAXUSDT: Skip — HTF Neutral
  Analyzing XRPUSDT...
  No signals. Next scan in 5 menit.

[16:11:40] Scan #343 | Mode: scalping
Balance: $6.31 | PnL: $0.00
  Analyzing BTCUSDT...
  Analyzing ETHUSDT...
  Analyzing SOLUSDT...
    SOLUSDT: Skip — HTF Neutral
  Analyzing BNBUSDT...
  Analyzing SUIUSDT...
  Analyzing AVAXUSDT...
    AVAXUSDT: Skip — HTF Neutral
  Analyzing XRPUSDT...
  No signals. Next scan in 5 menit.

[16:16:47] Scan #344 | Mode: scalping
Balance: $6.31 | PnL: $0.00
  Analyzing BTCUSDT...
  Analyzing ETHUSDT...
  Analyzing SOLUSDT...
  Analyzing BNBUSDT...
  Analyzing SUIUSDT...
  Analyzing AVAXUSDT...
    AVAXUSDT: Skip — HTF Neutral
  Analyzing XRPUSDT...
  No signals. Next scan in 5 menit.

[16:21:54] Scan #345 | Mode: scalping
Balance: $6.31 | PnL: $0.00
  Analyzing BTCUSDT...
  Analyzing ETHUSDT...
  Analyzing SOLUSDT...
  Analyzing BNBUSDT...
  Analyzing SUIUSDT...
  Analyzing AVAXUSDT...
    AVAXUSDT: Skip — HTF Neutral
  Analyzing XRPUSDT...
  No signals. Next scan in 5 menit.

[16:27:01] Scan #346 | Mode: scalping
Balance: $6.30 | PnL: $0.00
  Analyzing BTCUSDT...
  Analyzing ETHUSDT...
  Analyzing SOLUSDT...
  Analyzing BNBUSDT...
  Analyzing SUIUSDT...
  Analyzing AVAXUSDT...
    AVAXUSDT: Skip — HTF Neutral
  Analyzing XRPUSDT...
  No signals. Next scan in 5 menit.

[16:32:13] Scan #347 | Mode: scalping
Balance: $6.31 | PnL: $0.00
  Analyzing BTCUSDT...
  Analyzing ETHUSDT...
  Analyzing SOLUSDT...
  Analyzing BNBUSDT...
  Analyzing SUIUSDT...
  Analyzing AVAXUSDT...
    AVAXUSDT: Skip — HTF Neutral
  Analyzing XRPUSDT...
  No signals. Next scan in 5 menit.

[16:37:27] Scan #348 | Mode: scalping
Balance: $6.31 | PnL: $0.00
  Analyzing BTCUSDT...
  Analyzing ETHUSDT...
  Analyzing SOLUSDT...
  Analyzing BNBUSDT...
  Analyzing SUIUSDT...
  Analyzing AVAXUSDT...
    AVAXUSDT: Skip — HTF Neutral
  Analyzing XRPUSDT...
  No signals. Next scan in 5 menit.

[16:42:41] Scan #349 | Mode: scalping
Balance: $6.31 | PnL: $0.00
  Analyzing BTCUSDT...
  Analyzing ETHUSDT...
  Analyzing SOLUSDT...
  Analyzing BNBUSDT...
  Analyzing SUIUSDT...
  Analyzing AVAXUSDT...
    AVAXUSDT: Skip — HTF Neutral
  Analyzing XRPUSDT...
  No signals. Next scan in 5 menit.

[16:47:48] Scan #350 | Mode: scalping
Balance: $6.31 | PnL: $0.00
  Analyzing BTCUSDT...
  Analyzing ETHUSDT...
  Analyzing SOLUSDT...
  Analyzing BNBUSDT...
  Analyzing SUIUSDT...
  Analyzing AVAXUSDT...
    AVAXUSDT: Skip — HTF Neutral
  Analyzing XRPUSDT...
  No signals. Next scan in 5 menit.

[16:52:55] Scan #351 | Mode: scalping
Balance: $6.31 | PnL: $0.00
  Analyzing BTCUSDT...
  Analyzing ETHUSDT...
  Analyzing SOLUSDT...
  Analyzing BNBUSDT...
  Analyzing SUIUSDT...
  Analyzing AVAXUSDT...
    AVAXUSDT: Skip — HTF Neutral
  Analyzing XRPUSDT...
  No signals. Next scan in 5 menit.

[16:58:02] Scan #352 | Mode: scalping
Balance: $6.31 | PnL: $0.00
  Analyzing BTCUSDT...
  Analyzing ETHUSDT...
  Analyzing SOLUSDT...
  Analyzing BNBUSDT...
  Analyzing SUIUSDT...
  Analyzing AVAXUSDT...
    AVAXUSDT: Skip — HTF Neutral
  Analyzing XRPUSDT...
  No signals. Next scan in 5 menit.

[17:03:09] Scan #353 | Mode: scalping
Balance: $6.31 | PnL: $0.00
  Analyzing BTCUSDT...
  Analyzing ETHUSDT...
  Analyzing SOLUSDT...
  Analyzing BNBUSDT...
  Analyzing SUIUSDT...
  Analyzing AVAXUSDT...
    AVAXUSDT: Skip — HTF Neutral
  Analyzing XRPUSDT...
  No signals. Next scan in 5 menit.

[17:08:16] Scan #354 | Mode: scalping
Balance: $6.31 | PnL: $0.00
  Analyzing BTCUSDT...
  Analyzing ETHUSDT...
  Analyzing SOLUSDT...
  Analyzing BNBUSDT...
  Analyzing SUIUSDT...
  Analyzing AVAXUSDT...
    AVAXUSDT: Skip — HTF Neutral
  Analyzing XRPUSDT...
  No signals. Next scan in 5 menit.

[17:13:23] Scan #355 | Mode: scalping
Balance: $6.31 | PnL: $0.00
  Analyzing BTCUSDT...
  Analyzing ETHUSDT...
  Analyzing SOLUSDT...
  Analyzing BNBUSDT...
  Analyzing SUIUSDT...
  Analyzing AVAXUSDT...
    AVAXUSDT: Skip — HTF Neutral
  Analyzing XRPUSDT...
  No signals. Next scan in 5 menit.

[17:18:30] Scan #356 | Mode: scalping
Balance: $6.31 | PnL: $0.00
  Analyzing BTCUSDT...
  Analyzing ETHUSDT...
  Analyzing SOLUSDT...
  Analyzing BNBUSDT...
  Analyzing SUIUSDT...
  Analyzing AVAXUSDT...
    AVAXUSDT: Skip — HTF Neutral
  Analyzing XRPUSDT...
  No signals. Next scan in 5 menit.

[17:23:45] Scan #357 | Mode: scalping
Balance: $6.31 | PnL: $0.00
  Analyzing BTCUSDT...
  Analyzing ETHUSDT...
  Analyzing SOLUSDT...
  Analyzing BNBUSDT...
  Analyzing SUIUSDT...
  Analyzing AVAXUSDT...
    AVAXUSDT: Skip — HTF Neutral
  Analyzing XRPUSDT...
  No signals. Next scan in 5 menit.

[17:28:58] Scan #358 | Mode: scalping
Balance: $6.31 | PnL: $0.00
  Analyzing BTCUSDT...
  Analyzing ETHUSDT...
  Analyzing SOLUSDT...
  Analyzing BNBUSDT...
  Analyzing SUIUSDT...
  Analyzing AVAXUSDT...
    AVAXUSDT: Skip — HTF Neutral
  Analyzing XRPUSDT...
  No signals. Next scan in 5 menit.

[17:34:34] Scan #359 | Mode: scalping
Balance: $6.31 | PnL: $0.00
  Analyzing BTCUSDT...
  Analyzing ETHUSDT...
  Analyzing SOLUSDT...
  Analyzing BNBUSDT...
  Analyzing SUIUSDT...
  Analyzing AVAXUSDT...
    AVAXUSDT: Skip — HTF Neutral
  Analyzing XRPUSDT...
  No signals. Next scan in 5 menit.

[17:40:10] Scan #360 | Mode: scalping
Balance: $6.31 | PnL: $0.00
  Analyzing BTCUSDT...
  Analyzing ETHUSDT...
  Analyzing SOLUSDT...
  Analyzing BNBUSDT...
  Analyzing SUIUSDT...
  Analyzing AVAXUSDT...
    AVAXUSDT: Skip — HTF Neutral
  Analyzing XRPUSDT...
  No signals. Next scan in 5 menit.

[17:45:24] Scan #361 | Mode: scalping
Balance: $6.31 | PnL: $0.00
  Analyzing BTCUSDT...
  Analyzing ETHUSDT...
  Analyzing SOLUSDT...
  Analyzing BNBUSDT...
  Analyzing SUIUSDT...
  Analyzing AVAXUSDT...
    AVAXUSDT: Skip — HTF Neutral
  Analyzing XRPUSDT...
  No signals. Next scan in 5 menit.

[17:50:38] Scan #362 | Mode: scalping
Balance: $6.31 | PnL: $0.00
  Analyzing BTCUSDT...
  Analyzing ETHUSDT...
  Analyzing SOLUSDT...
  Analyzing BNBUSDT...
  Analyzing SUIUSDT...
  Analyzing AVAXUSDT...
    AVAXUSDT: Skip — HTF Neutral
  Analyzing XRPUSDT...
  No signals. Next scan in 5 menit.

[17:55:52] Scan #363 | Mode: scalping
Balance: $6.31 | PnL: $0.00
  Analyzing BTCUSDT...
  Analyzing ETHUSDT...
  Analyzing SOLUSDT...
  Analyzing BNBUSDT...
  Analyzing SUIUSDT...
  Analyzing AVAXUSDT...
    AVAXUSDT: Skip — HTF Neutral
  Analyzing XRPUSDT...
  No signals. Next scan in 5 menit.

[18:01:06] Scan #364 | Mode: scalping
Balance: $6.31 | PnL: $0.00
  Analyzing BTCUSDT...
  Analyzing ETHUSDT...
  Analyzing SOLUSDT...
    SOLUSDT: Skip — HTF Neutral
  Analyzing BNBUSDT...
  Analyzing SUIUSDT...
  Analyzing AVAXUSDT...
    AVAXUSDT: Skip — HTF Neutral
  Analyzing XRPUSDT...
  No signals. Next scan in 5 menit.

[18:06:20] Scan #365 | Mode: scalping
Balance: $6.31 | PnL: $0.00
  Analyzing BTCUSDT...
  Analyzing ETHUSDT...
  Analyzing SOLUSDT...
  Analyzing BNBUSDT...
  Analyzing SUIUSDT...
  Analyzing AVAXUSDT...
    AVAXUSDT: Skip — HTF Neutral
  Analyzing XRPUSDT...
  No signals. Next scan in 5 menit.

[18:11:34] Scan #366 | Mode: scalping
Balance: $6.31 | PnL: $0.00
  Analyzing BTCUSDT...
  Analyzing ETHUSDT...
  Analyzing SOLUSDT...
  Analyzing BNBUSDT...
  Analyzing SUIUSDT...
  Analyzing AVAXUSDT...
    AVAXUSDT: Skip — HTF Neutral
  Analyzing XRPUSDT...
  No signals. Next scan in 5 menit.

[18:16:49] Scan #367 | Mode: scalping
Balance: $6.31 | PnL: $0.00
  Analyzing BTCUSDT...
  Analyzing ETHUSDT...
  Analyzing SOLUSDT...
  Analyzing BNBUSDT...
  Analyzing SUIUSDT...
  Analyzing AVAXUSDT...
    AVAXUSDT: Skip — HTF Neutral
  Analyzing XRPUSDT...
  No signals. Next scan in 5 menit.

[18:21:55] Scan #368 | Mode: scalping
Balance: $6.31 | PnL: $0.00
  Analyzing BTCUSDT...
  Analyzing ETHUSDT...
  Analyzing SOLUSDT...
  Analyzing BNBUSDT...
  Analyzing SUIUSDT...
  Analyzing AVAXUSDT...
    AVAXUSDT: Skip — HTF Neutral
  Analyzing XRPUSDT...
  No signals. Next scan in 5 menit.

[18:27:03] Scan #369 | Mode: scalping
Balance: $6.31 | PnL: $0.00
  Analyzing BTCUSDT...
  Analyzing ETHUSDT...
  Analyzing SOLUSDT...
  Analyzing BNBUSDT...
  Analyzing SUIUSDT...
  Analyzing AVAXUSDT...
    AVAXUSDT: Skip — HTF Neutral
  Analyzing XRPUSDT...
  No signals. Next scan in 5 menit.

[18:32:10] Scan #370 | Mode: scalping
Balance: $6.31 | PnL: $0.00
  Analyzing BTCUSDT...
  Analyzing ETHUSDT...
  Analyzing SOLUSDT...
  Analyzing BNBUSDT...
  Analyzing SUIUSDT...
  Analyzing AVAXUSDT...
    AVAXUSDT: Skip — HTF Neutral
  Analyzing XRPUSDT...
  No signals. Next scan in 5 menit.

[18:37:17] Scan #371 | Mode: scalping
Balance: $6.31 | PnL: $0.00
  Analyzing BTCUSDT...
  Analyzing ETHUSDT...
  Analyzing SOLUSDT...
  Analyzing BNBUSDT...
  Analyzing SUIUSDT...
  Analyzing AVAXUSDT...
    AVAXUSDT: Skip — HTF Neutral
  Analyzing XRPUSDT...
  No signals. Next scan in 5 menit.

[18:42:24] Scan #372 | Mode: scalping
Balance: $6.31 | PnL: $0.00
  Analyzing BTCUSDT...
  Analyzing ETHUSDT...
  Analyzing SOLUSDT...
  Analyzing BNBUSDT...
  Analyzing SUIUSDT...
  Analyzing AVAXUSDT...
    AVAXUSDT: Skip — HTF Neutral
  Analyzing XRPUSDT...
  No signals. Next scan in 5 menit.

[18:47:32] Scan #373 | Mode: scalping
Balance: $6.31 | PnL: $0.00
  Analyzing BTCUSDT...
  Analyzing ETHUSDT...
  Analyzing SOLUSDT...
  Analyzing BNBUSDT...
  Analyzing SUIUSDT...
  Analyzing AVAXUSDT...
    AVAXUSDT: Skip — HTF Neutral
  Analyzing XRPUSDT...
  No signals. Next scan in 5 menit.

[18:52:46] Scan #374 | Mode: scalping
Balance: $6.31 | PnL: $0.00
  Analyzing BTCUSDT...
  Analyzing ETHUSDT...
  Analyzing SOLUSDT...
  Analyzing BNBUSDT...
  Analyzing SUIUSDT...
  Analyzing AVAXUSDT...
    AVAXUSDT: Skip — HTF Neutral
  Analyzing XRPUSDT...
  No signals. Next scan in 5 menit.

[18:58:00] Scan #375 | Mode: scalping
Balance: $6.31 | PnL: $0.00
  Analyzing BTCUSDT...
  Analyzing ETHUSDT...
  Analyzing SOLUSDT...
  Analyzing BNBUSDT...
  Analyzing SUIUSDT...
  Analyzing AVAXUSDT...
    AVAXUSDT: Skip — HTF Neutral
  Analyzing XRPUSDT...
  No signals. Next scan in 5 menit.

[19:03:15] Scan #376 | Mode: scalping
Balance: $6.31 | PnL: $0.00
  Analyzing BTCUSDT...
  Analyzing ETHUSDT...
  Analyzing SOLUSDT...
  Analyzing BNBUSDT...
  Analyzing SUIUSDT...
  Analyzing AVAXUSDT...
    AVAXUSDT: Skip — HTF Neutral
  Analyzing XRPUSDT...
  No signals. Next scan in 5 menit.

[19:08:23] Scan #377 | Mode: scalping
Balance: $6.31 | PnL: $0.00
  Analyzing BTCUSDT...
  Analyzing ETHUSDT...
  Analyzing SOLUSDT...
  Analyzing BNBUSDT...
  Analyzing SUIUSDT...
  Analyzing AVAXUSDT...
    AVAXUSDT: Skip — HTF Neutral
  Analyzing XRPUSDT...
  No signals. Next scan in 5 menit.

[19:13:31] Scan #378 | Mode: scalping
Balance: $6.31 | PnL: $0.00
  Analyzing BTCUSDT...
  Analyzing ETHUSDT...
  Analyzing SOLUSDT...
  Analyzing BNBUSDT...
  Analyzing SUIUSDT...
  Analyzing AVAXUSDT...
    AVAXUSDT: Skip — HTF Neutral
  Analyzing XRPUSDT...
  No signals. Next scan in 5 menit.

[19:18:45] Scan #379 | Mode: scalping
Balance: $6.31 | PnL: $0.00
  Analyzing BTCUSDT...
  Analyzing ETHUSDT...
  Analyzing SOLUSDT...
  Analyzing BNBUSDT...
  Analyzing SUIUSDT...
  Analyzing AVAXUSDT...
    AVAXUSDT: Skip — HTF Neutral
  Analyzing XRPUSDT...
  No signals. Next scan in 5 menit.

[19:23:59] Scan #380 | Mode: scalping
Balance: $6.31 | PnL: $0.00
  Analyzing BTCUSDT...
  Analyzing ETHUSDT...
  Analyzing SOLUSDT...
  Analyzing BNBUSDT...
  Analyzing SUIUSDT...
  Analyzing AVAXUSDT...
    AVAXUSDT: Skip — HTF Neutral
  Analyzing XRPUSDT...
  No signals. Next scan in 5 menit.

[19:29:14] Scan #381 | Mode: scalping
Balance: $6.31 | PnL: $0.00
  Analyzing BTCUSDT...
  Analyzing ETHUSDT...
  Analyzing SOLUSDT...
  Analyzing BNBUSDT...
  Analyzing SUIUSDT...
  Analyzing AVAXUSDT...
    AVAXUSDT: Skip — HTF Neutral
  Analyzing XRPUSDT...
  No signals. Next scan in 5 menit.

[19:34:21] Scan #382 | Mode: scalping
Balance: $6.31 | PnL: $0.00
  Analyzing BTCUSDT...
  Analyzing ETHUSDT...
  Analyzing SOLUSDT...
  Analyzing BNBUSDT...
  Analyzing SUIUSDT...
  Analyzing AVAXUSDT...
    AVAXUSDT: Skip — HTF Neutral
  Analyzing XRPUSDT...
  No signals. Next scan in 5 menit.

[19:39:28] Scan #383 | Mode: scalping
Balance: $6.31 | PnL: $0.00
  Analyzing BTCUSDT...
  Analyzing ETHUSDT...
  Analyzing SOLUSDT...
  Analyzing BNBUSDT...
  Analyzing SUIUSDT...
  Analyzing AVAXUSDT...
    AVAXUSDT: Skip — HTF Neutral
  Analyzing XRPUSDT...
  No signals. Next scan in 5 menit.

[19:44:35] Scan #384 | Mode: scalping
Balance: $6.31 | PnL: $0.00
  Analyzing BTCUSDT...
  Analyzing ETHUSDT...
  Analyzing SOLUSDT...
  Analyzing BNBUSDT...
  Analyzing SUIUSDT...
  Analyzing AVAXUSDT...
    AVAXUSDT: Skip — HTF Neutral
  Analyzing XRPUSDT...
  No signals. Next scan in 5 menit.

[19:49:42] Scan #385 | Mode: scalping
Balance: $6.31 | PnL: $0.00
  Analyzing BTCUSDT...
  Analyzing ETHUSDT...
  Analyzing SOLUSDT...
  Analyzing BNBUSDT...
  Analyzing SUIUSDT...
  Analyzing AVAXUSDT...
    AVAXUSDT: Skip — HTF Neutral
  Analyzing XRPUSDT...
  No signals. Next scan in 5 menit.

[19:54:49] Scan #386 | Mode: scalping
Balance: $6.31 | PnL: $0.00
  Analyzing BTCUSDT...
  Analyzing ETHUSDT...
  Analyzing SOLUSDT...
  Analyzing BNBUSDT...
  Analyzing SUIUSDT...
  Analyzing AVAXUSDT...
    AVAXUSDT: Skip — HTF Neutral
  Analyzing XRPUSDT...
  No signals. Next scan in 5 menit.

[19:59:56] Scan #387 | Mode: scalping
Balance: $6.31 | PnL: $0.00
  Analyzing BTCUSDT...
  Analyzing ETHUSDT...
  Analyzing SOLUSDT...
  Analyzing BNBUSDT...
  Analyzing SUIUSDT...
    SUIUSDT: Skip — ADX 16.7 < 20 (sideways)
  Analyzing AVAXUSDT...
    AVAXUSDT: Skip — HTF Neutral
  Analyzing XRPUSDT...
  No signals. Next scan in 5 menit.

[20:05:07] Scan #388 | Mode: scalping
Balance: $6.31 | PnL: $0.00
  Analyzing BTCUSDT...
  Analyzing ETHUSDT...
  Analyzing SOLUSDT...
  Analyzing BNBUSDT...
  Analyzing SUIUSDT...
    SUIUSDT: Skip — ADX 16.6 < 20 (sideways)
  Analyzing AVAXUSDT...
    AVAXUSDT: Skip — HTF Neutral
  Analyzing XRPUSDT...
  No signals. Next scan in 5 menit.

[20:10:14] Scan #389 | Mode: scalping
Balance: $6.31 | PnL: $0.00
  Analyzing BTCUSDT...
  Analyzing ETHUSDT...
  Analyzing SOLUSDT...
  Analyzing BNBUSDT...
  Analyzing SUIUSDT...
    SUIUSDT: Skip — ADX 16.9 < 20 (sideways)
  Analyzing AVAXUSDT...
    AVAXUSDT: Skip — HTF Neutral
  Analyzing XRPUSDT...
  No signals. Next scan in 5 menit.

[20:15:20] Scan #390 | Mode: scalping
Balance: $6.31 | PnL: $0.00
  Analyzing BTCUSDT...
  Analyzing ETHUSDT...
  Analyzing SOLUSDT...
  Analyzing BNBUSDT...
  Analyzing SUIUSDT...
    SUIUSDT: Skip — ADX 15.2 < 20 (sideways)
  Analyzing AVAXUSDT...
    AVAXUSDT: Skip — HTF Neutral
  Analyzing XRPUSDT...
  No signals. Next scan in 5 menit.

[20:20:27] Scan #391 | Mode: scalping
Balance: $6.31 | PnL: $0.00
  Analyzing BTCUSDT...
  Analyzing ETHUSDT...
  Analyzing SOLUSDT...
  Analyzing BNBUSDT...
  Analyzing SUIUSDT...
    SUIUSDT: Skip — ADX 15.2 < 20 (sideways)
  Analyzing AVAXUSDT...
    AVAXUSDT: Skip — HTF Neutral
  Analyzing XRPUSDT...
  No signals. Next scan in 5 menit.

[20:25:35] Scan #392 | Mode: scalping
Balance: $6.31 | PnL: $0.00
  Analyzing BTCUSDT...
  Analyzing ETHUSDT...
  Analyzing SOLUSDT...
  Analyzing BNBUSDT...
  Analyzing SUIUSDT...
    SUIUSDT: Skip — ADX 14.6 < 20 (sideways)
  Analyzing AVAXUSDT...
    AVAXUSDT: Skip — HTF Neutral
  Analyzing XRPUSDT...
  No signals. Next scan in 5 menit.

[20:30:42] Scan #393 | Mode: scalping
Balance: $6.31 | PnL: $0.00
  Analyzing BTCUSDT...
  Analyzing ETHUSDT...
  Analyzing SOLUSDT...
  Analyzing BNBUSDT...
  Analyzing SUIUSDT...
    SUIUSDT: Skip — ADX 14.1 < 20 (sideways)
  Analyzing AVAXUSDT...
    AVAXUSDT: Skip — HTF Neutral
  Analyzing XRPUSDT...
  No signals. Next scan in 5 menit.

[20:35:49] Scan #394 | Mode: scalping
Balance: $6.31 | PnL: $0.00
  Analyzing BTCUSDT...
  Analyzing ETHUSDT...
  Analyzing SOLUSDT...
  Analyzing BNBUSDT...
  Analyzing SUIUSDT...
    SUIUSDT: Skip — ADX 13.1 < 20 (sideways)
  Analyzing AVAXUSDT...
    AVAXUSDT: Skip — HTF Neutral
  Analyzing XRPUSDT...
  No signals. Next scan in 5 menit.

[20:40:56] Scan #395 | Mode: scalping
Balance: $6.31 | PnL: $0.00
  Analyzing BTCUSDT...
  Analyzing ETHUSDT...
  Analyzing SOLUSDT...
  Analyzing BNBUSDT...
  Analyzing SUIUSDT...
    SUIUSDT: Skip — ADX 13.1 < 20 (sideways)
  Analyzing AVAXUSDT...
    AVAXUSDT: Skip — HTF Neutral
  Analyzing XRPUSDT...
  No signals. Next scan in 5 menit.

[20:46:04] Scan #396 | Mode: scalping
Balance: $6.31 | PnL: $0.00
  Analyzing BTCUSDT...
    BTCUSDT: Skip — ADX 17.8 < 20 (sideways)
  Analyzing ETHUSDT...
  Analyzing SOLUSDT...
    SOLUSDT: Skip — ADX 19.3 < 20 (sideways)
  Analyzing BNBUSDT...
  Analyzing SUIUSDT...
    SUIUSDT: Skip — ADX 11.4 < 20 (sideways)
  Analyzing AVAXUSDT...
    AVAXUSDT: Skip — HTF Neutral
  Analyzing XRPUSDT...
    XRPUSDT: Skip — ADX 18.2 < 20 (sideways)
  No signals. Next scan in 5 menit.

[20:51:11] Scan #397 | Mode: scalping
Balance: $6.31 | PnL: $0.00
  Analyzing BTCUSDT...
    BTCUSDT: Skip — ADX 17.8 < 20 (sideways)
  Analyzing ETHUSDT...
  Analyzing SOLUSDT...
    SOLUSDT: Skip — ADX 19.3 < 20 (sideways)
  Analyzing BNBUSDT...
  Analyzing SUIUSDT...
    SUIUSDT: Skip — ADX 11.4 < 20 (sideways)
  Analyzing AVAXUSDT...
    AVAXUSDT: Skip — HTF Neutral
  Analyzing XRPUSDT...
    XRPUSDT: Skip — ADX 18.2 < 20 (sideways)
  No signals. Next scan in 5 menit.

[20:56:18] Scan #398 | Mode: scalping
Balance: $6.31 | PnL: $0.00
  Analyzing BTCUSDT...
    BTCUSDT: Skip — ADX 17.8 < 20 (sideways)
  Analyzing ETHUSDT...
  Analyzing SOLUSDT...
    SOLUSDT: Skip — ADX 19.3 < 20 (sideways)
  Analyzing BNBUSDT...
  Analyzing SUIUSDT...
    SUIUSDT: Skip — ADX 11.4 < 20 (sideways)
  Analyzing AVAXUSDT...
    AVAXUSDT: Skip — HTF Neutral
  Analyzing XRPUSDT...
    XRPUSDT: Skip — ADX 18.2 < 20 (sideways)
  No signals. Next scan in 5 menit.

[21:01:25] Scan #399 | Mode: scalping
Balance: $6.31 | PnL: $0.00
  Analyzing BTCUSDT...
    BTCUSDT: Skip — ADX 15.3 < 20 (sideways)
  Analyzing ETHUSDT...
    ETHUSDT: Skip — ADX 17.8 < 20 (sideways)
  Analyzing SOLUSDT...
    SOLUSDT: Skip — ADX 16.1 < 20 (sideways)
  Analyzing BNBUSDT...
  Analyzing SUIUSDT...
    SUIUSDT: Skip — ADX 10.5 < 20 (sideways)
  Analyzing AVAXUSDT...
    AVAXUSDT: Skip — HTF Neutral
  Analyzing XRPUSDT...
    XRPUSDT: Skip — ADX 15.8 < 20 (sideways)
  No signals. Next scan in 5 menit.

[21:06:33] Scan #400 | Mode: scalping
Balance: $6.31 | PnL: $0.00
  Analyzing BTCUSDT...
    BTCUSDT: Skip — ADX 15.3 < 20 (sideways)
  Analyzing ETHUSDT...
    ETHUSDT: Skip — ADX 17.8 < 20 (sideways)
  Analyzing SOLUSDT...
    SOLUSDT: Skip — ADX 16.1 < 20 (sideways)
  Analyzing BNBUSDT...
  Analyzing SUIUSDT...
    SUIUSDT: Skip — ADX 10.5 < 20 (sideways)
  Analyzing AVAXUSDT...
    AVAXUSDT: Skip — HTF Neutral
  Analyzing XRPUSDT...
    XRPUSDT: Skip — ADX 15.8 < 20 (sideways)
  No signals. Next scan in 5 menit.

[21:11:39] Scan #401 | Mode: scalping
Balance: $6.31 | PnL: $0.00
  Analyzing BTCUSDT...
    BTCUSDT: Skip — ADX 15.3 < 20 (sideways)
  Analyzing ETHUSDT...
    ETHUSDT: Skip — ADX 18.5 < 20 (sideways)
  Analyzing SOLUSDT...
    SOLUSDT: Skip — ADX 15.9 < 20 (sideways)
  Analyzing BNBUSDT...
  Analyzing SUIUSDT...
    SUIUSDT: Skip — ADX 10.4 < 20 (sideways)
  Analyzing AVAXUSDT...
    AVAXUSDT: Skip — HTF Neutral
  Analyzing XRPUSDT...
    XRPUSDT: Skip — ADX 15.8 < 20 (sideways)
  No signals. Next scan in 5 menit.

[21:16:46] Scan #402 | Mode: scalping
Balance: $6.31 | PnL: $0.00
  Analyzing BTCUSDT...
    BTCUSDT: Skip — ADX 15.4 < 20 (sideways)
  Analyzing ETHUSDT...
    ETHUSDT: Skip — ADX 17.9 < 20 (sideways)
  Analyzing SOLUSDT...
    SOLUSDT: Skip — ADX 15.2 < 20 (sideways)
  Analyzing BNBUSDT...
    BNBUSDT: Skip — ADX 19.1 < 20 (sideways)
  Analyzing SUIUSDT...
    SUIUSDT: Skip — ADX 8.9 < 20 (sideways)
  Analyzing AVAXUSDT...
    AVAXUSDT: Skip — HTF Neutral
  Analyzing XRPUSDT...
    XRPUSDT: Skip — ADX 19.1 < 20 (sideways)
  No signals. Next scan in 5 menit.

[21:21:54] Scan #403 | Mode: scalping
Balance: $6.31 | PnL: $0.00
  Analyzing BTCUSDT...
    BTCUSDT: Skip — ADX 15.8 < 20 (sideways)
  Analyzing ETHUSDT...
    ETHUSDT: Skip — ADX 17.6 < 20 (sideways)
  Analyzing SOLUSDT...
    SOLUSDT: Skip — ADX 16.4 < 20 (sideways)
  Analyzing BNBUSDT...
    BNBUSDT: Skip — ADX 19.7 < 20 (sideways)
  Analyzing SUIUSDT...
    SUIUSDT: Skip — ADX 9.9 < 20 (sideways)
  Analyzing AVAXUSDT...
    AVAXUSDT: Skip — HTF Neutral
  Analyzing XRPUSDT...
    XRPUSDT: Skip — ADX 19.9 < 20 (sideways)
  No signals. Next scan in 5 menit.

[21:27:01] Scan #404 | Mode: scalping
Balance: $6.31 | PnL: $0.00
  Analyzing BTCUSDT...
    BTCUSDT: Skip — ADX 16.5 < 20 (sideways)
  Analyzing ETHUSDT...
    ETHUSDT: Skip — ADX 18.4 < 20 (sideways)
  Analyzing SOLUSDT...
    SOLUSDT: Skip — ADX 16.7 < 20 (sideways)
  Analyzing BNBUSDT...
  Analyzing SUIUSDT...
    SUIUSDT: Skip — ADX 10.5 < 20 (sideways)
  Analyzing AVAXUSDT...
    AVAXUSDT: Skip — HTF Neutral
  Analyzing XRPUSDT...
    XRPUSDT: Skip — ADX 20.0 < 20 (sideways)
  No signals. Next scan in 5 menit.

[21:32:09] Scan #405 | Mode: scalping
Balance: $6.31 | PnL: $0.00
  Analyzing BTCUSDT...
    BTCUSDT: Skip — ADX 18.1 < 20 (sideways)
  Analyzing ETHUSDT...
    ETHUSDT: Skip — ADX 19.2 < 20 (sideways)
  Analyzing SOLUSDT...
    SOLUSDT: Skip — ADX 17.7 < 20 (sideways)
  Analyzing BNBUSDT...
  Analyzing SUIUSDT...
    SUIUSDT: Skip — ADX 11.0 < 20 (sideways)
  Analyzing AVAXUSDT...
    AVAXUSDT: Skip — HTF Neutral
  Analyzing XRPUSDT...
  No signals. Next scan in 5 menit.

[21:37:16] Scan #406 | Mode: scalping
Balance: $6.31 | PnL: $0.00
  Analyzing BTCUSDT...
    BTCUSDT: Skip — ADX 18.1 < 20 (sideways)
  Analyzing ETHUSDT...
    ETHUSDT: Skip — ADX 19.2 < 20 (sideways)
  Analyzing SOLUSDT...
    SOLUSDT: Skip — ADX 17.7 < 20 (sideways)
  Analyzing BNBUSDT...
  Analyzing SUIUSDT...
    SUIUSDT: Skip — ADX 11.0 < 20 (sideways)
  Analyzing AVAXUSDT...
    AVAXUSDT: Skip — HTF Neutral
  Analyzing XRPUSDT...
  No signals. Next scan in 5 menit.

[21:42:23] Scan #407 | Mode: scalping
Balance: $6.31 | PnL: $0.00
  Analyzing BTCUSDT...
    BTCUSDT: Skip — ADX 18.1 < 20 (sideways)
  Analyzing ETHUSDT...
    ETHUSDT: Skip — ADX 18.8 < 20 (sideways)
  Analyzing SOLUSDT...
    SOLUSDT: Skip — ADX 17.7 < 20 (sideways)
  Analyzing BNBUSDT...
  Analyzing SUIUSDT...
    SUIUSDT: Skip — ADX 10.7 < 20 (sideways)
  Analyzing AVAXUSDT...
    AVAXUSDT: Skip — HTF Neutral
  Analyzing XRPUSDT...
  No signals. Next scan in 5 menit.

[21:47:30] Scan #408 | Mode: scalping
Balance: $6.31 | PnL: $0.00
  Analyzing BTCUSDT...
    BTCUSDT: Skip — ADX 17.9 < 20 (sideways)
  Analyzing ETHUSDT...
    ETHUSDT: Skip — ADX 17.4 < 20 (sideways)
  Analyzing SOLUSDT...
    SOLUSDT: Skip — ADX 16.7 < 20 (sideways)
  Analyzing BNBUSDT...
  Analyzing SUIUSDT...
    SUIUSDT: Skip — ADX 11.7 < 20 (sideways)
  Analyzing AVAXUSDT...
    AVAXUSDT: Skip — HTF Neutral
  Analyzing XRPUSDT...
  No signals. Next scan in 5 menit.

[21:52:36] Scan #409 | Mode: scalping
Balance: $6.31 | PnL: $0.00
  Analyzing BTCUSDT...
    BTCUSDT: Skip — ADX 17.0 < 20 (sideways)
  Analyzing ETHUSDT...
    ETHUSDT: Skip — ADX 16.7 < 20 (sideways)
  Analyzing SOLUSDT...
    SOLUSDT: Skip — ADX 15.5 < 20 (sideways)
  Analyzing BNBUSDT...
    BNBUSDT: Skip — ADX 19.8 < 20 (sideways)
  Analyzing SUIUSDT...
    SUIUSDT: Skip — ADX 9.9 < 20 (sideways)
  Analyzing AVAXUSDT...
    AVAXUSDT: Skip — HTF Neutral
  Analyzing XRPUSDT...
  No signals. Next scan in 5 menit.

[21:57:43] Scan #410 | Mode: scalping
Balance: $6.31 | PnL: $0.00
  Analyzing BTCUSDT...
    BTCUSDT: Skip — ADX 16.7 < 20 (sideways)
  Analyzing ETHUSDT...
    ETHUSDT: Skip — ADX 17.2 < 20 (sideways)
  Analyzing SOLUSDT...
    SOLUSDT: Skip — HTF Neutral
  Analyzing BNBUSDT...
    BNBUSDT: Skip — ADX 19.7 < 20 (sideways)
  Analyzing SUIUSDT...
    SUIUSDT: Skip — ADX 9.6 < 20 (sideways)
  Analyzing AVAXUSDT...
    AVAXUSDT: Skip — HTF Neutral
  Analyzing XRPUSDT...
  No signals. Next scan in 5 menit.

[22:02:50] Scan #411 | Mode: scalping
Balance: $6.31 | PnL: $0.00
  Analyzing BTCUSDT...
    BTCUSDT: Skip — ADX 15.1 < 20 (sideways)
  Analyzing ETHUSDT...
    ETHUSDT: Skip — ADX 15.8 < 20 (sideways)
  Analyzing SOLUSDT...
    SOLUSDT: Skip — HTF Neutral
  Analyzing BNBUSDT...
    BNBUSDT: Skip — ADX 18.6 < 20 (sideways)
  Analyzing SUIUSDT...
    SUIUSDT: Skip — ADX 8.5 < 20 (sideways)
  Analyzing AVAXUSDT...
    AVAXUSDT: Skip — HTF Neutral
  Analyzing XRPUSDT...
  No signals. Next scan in 5 menit.

[22:07:57] Scan #412 | Mode: scalping
Balance: $6.31 | PnL: $0.00
  Analyzing BTCUSDT...
    BTCUSDT: Skip — ADX 15.5 < 20 (sideways)
  Analyzing ETHUSDT...
    ETHUSDT: Skip — ADX 16.2 < 20 (sideways)
  Analyzing SOLUSDT...
    SOLUSDT: Skip — HTF Neutral
  Analyzing BNBUSDT...
    BNBUSDT: Skip — ADX 19.1 < 20 (sideways)
  Analyzing SUIUSDT...
    SUIUSDT: Skip — HTF Neutral
  Analyzing AVAXUSDT...
    AVAXUSDT: Skip — HTF Neutral
  Analyzing XRPUSDT...
  No signals. Next scan in 5 menit.

[22:13:04] Scan #413 | Mode: scalping
Balance: $6.31 | PnL: $0.00
  Analyzing BTCUSDT...
    BTCUSDT: Skip — ADX 15.5 < 20 (sideways)
  Analyzing ETHUSDT...
    ETHUSDT: Skip — ADX 16.2 < 20 (sideways)
  Analyzing SOLUSDT...
    SOLUSDT: Skip — HTF Neutral
  Analyzing BNBUSDT...
    BNBUSDT: Skip — ADX 19.1 < 20 (sideways)
  Analyzing SUIUSDT...
    SUIUSDT: Skip — HTF Neutral
  Analyzing AVAXUSDT...
    AVAXUSDT: Skip — HTF Neutral
  Analyzing XRPUSDT...
  No signals. Next scan in 5 menit.

[22:18:10] Scan #414 | Mode: scalping
Balance: $6.31 | PnL: $0.00
  Analyzing BTCUSDT...
    BTCUSDT: Skip — ADX 14.5 < 20 (sideways)
  Analyzing ETHUSDT...
    ETHUSDT: Skip — ADX 15.6 < 20 (sideways)
  Analyzing SOLUSDT...
    SOLUSDT: Skip — ADX 12.8 < 20 (sideways)
  Analyzing BNBUSDT...
    BNBUSDT: Skip — ADX 18.0 < 20 (sideways)
  Analyzing SUIUSDT...
    SUIUSDT: Skip — ADX 9.2 < 20 (sideways)
  Analyzing AVAXUSDT...
    AVAXUSDT: Skip — HTF Neutral
  Analyzing XRPUSDT...
  No signals. Next scan in 5 menit.

[22:23:18] Scan #415 | Mode: scalping
Balance: $6.31 | PnL: $0.00
  Analyzing BTCUSDT...
    BTCUSDT: Skip — ADX 15.1 < 20 (sideways)
  Analyzing ETHUSDT...
    ETHUSDT: Skip — ADX 15.2 < 20 (sideways)
  Analyzing SOLUSDT...
    SOLUSDT: Skip — ADX 12.3 < 20 (sideways)
  Analyzing BNBUSDT...
    BNBUSDT: Skip — ADX 17.4 < 20 (sideways)
  Analyzing SUIUSDT...
    SUIUSDT: Skip — ADX 8.8 < 20 (sideways)
  Analyzing AVAXUSDT...
    AVAXUSDT: Skip — HTF Neutral
  Analyzing XRPUSDT...
  No signals. Next scan in 5 menit.

[22:28:26] Scan #416 | Mode: scalping
Balance: $6.31 | PnL: $0.00
  Analyzing BTCUSDT...
    BTCUSDT: Skip — ADX 15.5 < 20 (sideways)
  Analyzing ETHUSDT...
    ETHUSDT: Skip — ADX 15.6 < 20 (sideways)
  Analyzing SOLUSDT...
    SOLUSDT: Skip — ADX 12.6 < 20 (sideways)
  Analyzing BNBUSDT...
    BNBUSDT: Skip — ADX 18.2 < 20 (sideways)
  Analyzing SUIUSDT...
    SUIUSDT: Skip — ADX 9.2 < 20 (sideways)
  Analyzing AVAXUSDT...
    AVAXUSDT: Skip — HTF Neutral
  Analyzing XRPUSDT...
  No signals. Next scan in 5 menit.

[22:33:33] Scan #417 | Mode: scalping
Balance: $6.31 | PnL: $0.00
  Analyzing BTCUSDT...
    BTCUSDT: Skip — ADX 15.7 < 20 (sideways)
  Analyzing ETHUSDT...
    ETHUSDT: Skip — ADX 15.4 < 20 (sideways)
  Analyzing SOLUSDT...
    SOLUSDT: Skip — ADX 12.6 < 20 (sideways)
  Analyzing BNBUSDT...
    BNBUSDT: Skip — ADX 15.8 < 20 (sideways)
  Analyzing SUIUSDT...
    SUIUSDT: Skip — ADX 9.5 < 20 (sideways)
  Analyzing AVAXUSDT...
    AVAXUSDT: Skip — HTF Neutral
  Analyzing XRPUSDT...
  No signals. Next scan in 5 menit.

[22:38:40] Scan #418 | Mode: scalping
Balance: $6.31 | PnL: $0.00
  Analyzing BTCUSDT...
    BTCUSDT: Skip — ADX 15.7 < 20 (sideways)
  Analyzing ETHUSDT...
    ETHUSDT: Skip — ADX 15.4 < 20 (sideways)
  Analyzing SOLUSDT...
    SOLUSDT: Skip — ADX 12.6 < 20 (sideways)
  Analyzing BNBUSDT...
    BNBUSDT: Skip — ADX 15.8 < 20 (sideways)
  Analyzing SUIUSDT...
    SUIUSDT: Skip — ADX 9.5 < 20 (sideways)
  Analyzing AVAXUSDT...
    AVAXUSDT: Skip — HTF Neutral
  Analyzing XRPUSDT...
  No signals. Next scan in 5 menit.

[22:43:47] Scan #419 | Mode: scalping
Balance: $6.31 | PnL: $0.00
  Analyzing BTCUSDT...
    BTCUSDT: Skip — ADX 15.7 < 20 (sideways)
  Analyzing ETHUSDT...
    ETHUSDT: Skip — ADX 15.4 < 20 (sideways)
  Analyzing SOLUSDT...
    SOLUSDT: Skip — ADX 12.6 < 20 (sideways)
  Analyzing BNBUSDT...
    BNBUSDT: Skip — ADX 15.8 < 20 (sideways)
  Analyzing SUIUSDT...
    SUIUSDT: Skip — ADX 9.5 < 20 (sideways)
  Analyzing AVAXUSDT...
    AVAXUSDT: Skip — HTF Neutral
  Analyzing XRPUSDT...
  No signals. Next scan in 5 menit.

[22:48:54] Scan #420 | Mode: scalping
Balance: $6.31 | PnL: $0.00
  Analyzing BTCUSDT...
    BTCUSDT: Skip — ADX 13.3 < 20 (sideways)
  Analyzing ETHUSDT...
    ETHUSDT: Skip — ADX 13.1 < 20 (sideways)
  Analyzing SOLUSDT...
    SOLUSDT: Skip — ADX 10.7 < 20 (sideways)
  Analyzing BNBUSDT...
    BNBUSDT: Skip — ADX 12.1 < 20 (sideways)
  Analyzing SUIUSDT...
    SUIUSDT: Skip — ADX 9.4 < 20 (sideways)
  Analyzing AVAXUSDT...
    AVAXUSDT: Skip — HTF Neutral
  Analyzing XRPUSDT...
  No signals. Next scan in 5 menit.

[22:54:01] Scan #421 | Mode: scalping
Balance: $6.31 | PnL: $0.00
  Analyzing BTCUSDT...
    BTCUSDT: Skip — ADX 13.3 < 20 (sideways)
  Analyzing ETHUSDT...
    ETHUSDT: Skip — ADX 13.1 < 20 (sideways)
  Analyzing SOLUSDT...
    SOLUSDT: Skip — ADX 10.7 < 20 (sideways)
  Analyzing BNBUSDT...
    BNBUSDT: Skip — ADX 12.1 < 20 (sideways)
  Analyzing SUIUSDT...
    SUIUSDT: Skip — ADX 9.3 < 20 (sideways)
  Analyzing AVAXUSDT...
    AVAXUSDT: Skip — HTF Neutral
  Analyzing XRPUSDT...
  No signals. Next scan in 5 menit.

[22:59:09] Scan #422 | Mode: scalping
Balance: $6.31 | PnL: $0.00
  Analyzing BTCUSDT...
    BTCUSDT: Skip — ADX 13.3 < 20 (sideways)
  Analyzing ETHUSDT...
    ETHUSDT: Skip — ADX 13.1 < 20 (sideways)
  Analyzing SOLUSDT...
    SOLUSDT: Skip — ADX 10.8 < 20 (sideways)
  Analyzing BNBUSDT...
    BNBUSDT: Skip — ADX 12.2 < 20 (sideways)
  Analyzing SUIUSDT...
    SUIUSDT: Skip — ADX 9.3 < 20 (sideways)
  Analyzing AVAXUSDT...
    AVAXUSDT: Skip — HTF Neutral
  Analyzing XRPUSDT...
  No signals. Next scan in 5 menit.

[23:04:16] Scan #423 | Mode: scalping
Balance: $6.31 | PnL: $0.00
  Analyzing BTCUSDT...
    BTCUSDT: Skip — ADX 14.2 < 20 (sideways)
  Analyzing ETHUSDT...
    ETHUSDT: Skip — ADX 12.5 < 20 (sideways)
  Analyzing SOLUSDT...
    SOLUSDT: Skip — ADX 12.4 < 20 (sideways)
  Analyzing BNBUSDT...
    BNBUSDT: Skip — ADX 12.8 < 20 (sideways)
  Analyzing SUIUSDT...
    SUIUSDT: Skip — ADX 8.8 < 20 (sideways)
  Analyzing AVAXUSDT...
    AVAXUSDT: Skip — HTF Neutral
  Analyzing XRPUSDT...
  No signals. Next scan in 5 menit.

[23:09:24] Scan #424 | Mode: scalping
Balance: $6.31 | PnL: $0.00
  Analyzing BTCUSDT...
    BTCUSDT: Skip — ADX 13.7 < 20 (sideways)
  Analyzing ETHUSDT...
    ETHUSDT: Skip — ADX 12.5 < 20 (sideways)
  Analyzing SOLUSDT...
    SOLUSDT: Skip — ADX 12.4 < 20 (sideways)
  Analyzing BNBUSDT...
    BNBUSDT: Skip — ADX 12.8 < 20 (sideways)
  Analyzing SUIUSDT...
    SUIUSDT: Skip — ADX 8.7 < 20 (sideways)
  Analyzing AVAXUSDT...
    AVAXUSDT: Skip — HTF Neutral
  Analyzing XRPUSDT...
  No signals. Next scan in 5 menit.

[23:14:31] Scan #425 | Mode: scalping
Balance: $6.31 | PnL: $0.00
  Analyzing BTCUSDT...
    BTCUSDT: Skip — ADX 13.7 < 20 (sideways)
  Analyzing ETHUSDT...
    ETHUSDT: Skip — ADX 12.5 < 20 (sideways)
  Analyzing SOLUSDT...
    SOLUSDT: Skip — ADX 12.4 < 20 (sideways)
  Analyzing BNBUSDT...
    BNBUSDT: Skip — ADX 12.8 < 20 (sideways)
  Analyzing SUIUSDT...
    SUIUSDT: Skip — ADX 8.7 < 20 (sideways)
  Analyzing AVAXUSDT...
    AVAXUSDT: Skip — HTF Neutral
  Analyzing XRPUSDT...
  No signals. Next scan in 5 menit.

[23:19:38] Scan #426 | Mode: scalping
Balance: $6.31 | PnL: $0.00
  Analyzing BTCUSDT...
    BTCUSDT: Skip — ADX 14.0 < 20 (sideways)
  Analyzing ETHUSDT...
    ETHUSDT: Skip — ADX 11.3 < 20 (sideways)
  Analyzing SOLUSDT...
    SOLUSDT: Skip — ADX 13.9 < 20 (sideways)
  Analyzing BNBUSDT...
    BNBUSDT: Skip — ADX 13.5 < 20 (sideways)
  Analyzing SUIUSDT...
    SUIUSDT: Skip — ADX 9.1 < 20 (sideways)
  Analyzing AVAXUSDT...
    AVAXUSDT: Skip — HTF Neutral
  Analyzing XRPUSDT...
  No signals. Next scan in 5 menit.

[23:24:46] Scan #427 | Mode: scalping
Balance: $6.31 | PnL: $0.00
  Analyzing BTCUSDT...
    BTCUSDT: Skip — ADX 14.0 < 20 (sideways)
  Analyzing ETHUSDT...
    ETHUSDT: Skip — ADX 11.3 < 20 (sideways)
  Analyzing SOLUSDT...
    SOLUSDT: Skip — ADX 13.9 < 20 (sideways)
  Analyzing BNBUSDT...
    BNBUSDT: Skip — ADX 13.5 < 20 (sideways)
  Analyzing SUIUSDT...
    SUIUSDT: Skip — ADX 9.1 < 20 (sideways)
  Analyzing AVAXUSDT...
    AVAXUSDT: Skip — HTF Neutral
  Analyzing XRPUSDT...
  No signals. Next scan in 5 menit.

[23:29:54] Scan #428 | Mode: scalping
Balance: $6.31 | PnL: $0.00
  Analyzing BTCUSDT...
    BTCUSDT: Skip — ADX 14.0 < 20 (sideways)
  Analyzing ETHUSDT...
    ETHUSDT: Skip — ADX 11.3 < 20 (sideways)
  Analyzing SOLUSDT...
    SOLUSDT: Skip — ADX 13.8 < 20 (sideways)
  Analyzing BNBUSDT...
    BNBUSDT: Skip — ADX 13.5 < 20 (sideways)
  Analyzing SUIUSDT...
    SUIUSDT: Skip — ADX 9.4 < 20 (sideways)
  Analyzing AVAXUSDT...
    AVAXUSDT: Skip — HTF Neutral
  Analyzing XRPUSDT...
  No signals. Next scan in 5 menit.

[23:35:03] Scan #429 | Mode: scalping
Balance: $6.31 | PnL: $0.00
  Analyzing BTCUSDT...
    BTCUSDT: Skip — ADX 14.9 < 20 (sideways)
  Analyzing ETHUSDT...
    ETHUSDT: Skip — ADX 10.8 < 20 (sideways)
  Analyzing SOLUSDT...
    SOLUSDT: Skip — ADX 14.4 < 20 (sideways)
  Analyzing BNBUSDT...
    BNBUSDT: Skip — ADX 13.3 < 20 (sideways)
  Analyzing SUIUSDT...
    SUIUSDT: Skip — ADX 9.5 < 20 (sideways)
  Analyzing AVAXUSDT...
    AVAXUSDT: Skip — HTF Neutral
  Analyzing XRPUSDT...
  No signals. Next scan in 5 menit.

[23:40:12] Scan #430 | Mode: scalping
Balance: $6.31 | PnL: $0.00
  Analyzing BTCUSDT...
    BTCUSDT: Skip — ADX 14.8 < 20 (sideways)
  Analyzing ETHUSDT...
    ETHUSDT: Skip — ADX 10.8 < 20 (sideways)
  Analyzing SOLUSDT...
    SOLUSDT: Skip — ADX 14.4 < 20 (sideways)
  Analyzing BNBUSDT...
    BNBUSDT: Skip — ADX 13.2 < 20 (sideways)
  Analyzing SUIUSDT...
    SUIUSDT: Skip — ADX 9.5 < 20 (sideways)
  Analyzing AVAXUSDT...
    AVAXUSDT: Skip — HTF Neutral
  Analyzing XRPUSDT...
  No signals. Next scan in 5 menit.

[23:45:20] Scan #431 | Mode: scalping
Balance: $6.31 | PnL: $0.00
  Analyzing BTCUSDT...
    BTCUSDT: Skip — ADX 15.6 < 20 (sideways)
  Analyzing ETHUSDT...
    ETHUSDT: Skip — ADX 10.3 < 20 (sideways)
  Analyzing SOLUSDT...
    SOLUSDT: Skip — ADX 15.9 < 20 (sideways)
  Analyzing BNBUSDT...
    BNBUSDT: Skip — ADX 14.1 < 20 (sideways)
  Analyzing SUIUSDT...
    SUIUSDT: Skip — ADX 8.9 < 20 (sideways)
  Analyzing AVAXUSDT...
    AVAXUSDT: Skip — HTF Neutral
  Analyzing XRPUSDT...
  No signals. Next scan in 5 menit.

[23:50:28] Scan #432 | Mode: scalping
Balance: $6.31 | PnL: $0.00
  Analyzing BTCUSDT...
    BTCUSDT: Skip — ADX 15.6 < 20 (sideways)
  Analyzing ETHUSDT...
    ETHUSDT: Skip — ADX 10.3 < 20 (sideways)
  Analyzing SOLUSDT...
    SOLUSDT: Skip — ADX 15.7 < 20 (sideways)
  Analyzing BNBUSDT...
    BNBUSDT: Skip — ADX 14.1 < 20 (sideways)
  Analyzing SUIUSDT...
    SUIUSDT: Skip — ADX 8.9 < 20 (sideways)
  Analyzing AVAXUSDT...
    AVAXUSDT: Skip — HTF Neutral
  Analyzing XRPUSDT...
  No signals. Next scan in 5 menit.

[23:55:35] Scan #433 | Mode: scalping
Balance: $6.31 | PnL: $0.00
  Analyzing BTCUSDT...
    BTCUSDT: Skip — ADX 15.6 < 20 (sideways)
  Analyzing ETHUSDT...
    ETHUSDT: Skip — ADX 10.3 < 20 (sideways)
  Analyzing SOLUSDT...
    SOLUSDT: Skip — ADX 15.6 < 20 (sideways)
  Analyzing BNBUSDT...
    BNBUSDT: Skip — ADX 14.1 < 20 (sideways)
  Analyzing SUIUSDT...
    SUIUSDT: Skip — ADX 8.9 < 20 (sideways)
  Analyzing AVAXUSDT...
    AVAXUSDT: Skip — HTF Neutral
  Analyzing XRPUSDT...
  No signals. Next scan in 5 menit.

[00:00:43] Scan #434 | Mode: scalping
Balance: $6.31 | PnL: $0.00
  Analyzing BTCUSDT...
    BTCUSDT: Skip — ADX 16.1 < 20 (sideways)
  Analyzing ETHUSDT...
    ETHUSDT: Skip — ADX 9.8 < 20 (sideways)
  Analyzing SOLUSDT...
    SOLUSDT: Skip — ADX 16.3 < 20 (sideways)
  Analyzing BNBUSDT...
    BNBUSDT: Skip — ADX 15.1 < 20 (sideways)
  Analyzing SUIUSDT...
    SUIUSDT: Skip — ADX 8.9 < 20 (sideways)
  Analyzing AVAXUSDT...
    AVAXUSDT: Skip — HTF Neutral
  Analyzing XRPUSDT...
  No signals. Next scan in 5 menit.

[00:05:58] Scan #435 | Mode: scalping
Balance: $6.31 | PnL: $0.00
  Analyzing BTCUSDT...
    BTCUSDT: Skip — ADX 16.0 < 20 (sideways)
  Analyzing ETHUSDT...
    ETHUSDT: Skip — ADX 9.7 < 20 (sideways)
  Analyzing SOLUSDT...
    SOLUSDT: Skip — ADX 16.3 < 20 (sideways)
  Analyzing BNBUSDT...
    BNBUSDT: Skip — ADX 14.9 < 20 (sideways)
  Analyzing SUIUSDT...
    SUIUSDT: Skip — ADX 8.9 < 20 (sideways)
  Analyzing AVAXUSDT...
    AVAXUSDT: Skip — HTF Neutral
  Analyzing XRPUSDT...
  No signals. Next scan in 5 menit.

[00:11:06] Scan #436 | Mode: scalping
Balance: $6.31 | PnL: $0.00
  Analyzing BTCUSDT...
    BTCUSDT: Skip — ADX 16.3 < 20 (sideways)
  Analyzing ETHUSDT...
    ETHUSDT: Skip — ADX 10.0 < 20 (sideways)
  Analyzing SOLUSDT...
    SOLUSDT: Skip — ADX 16.4 < 20 (sideways)
  Analyzing BNBUSDT...
    BNBUSDT: Skip — ADX 15.0 < 20 (sideways)
  Analyzing SUIUSDT...
    SUIUSDT: Skip — ADX 9.3 < 20 (sideways)
  Analyzing AVAXUSDT...
    AVAXUSDT: Skip — HTF Neutral
  Analyzing XRPUSDT...
  No signals. Next scan in 5 menit.

[00:16:14] Scan #437 | Mode: scalping
Balance: $6.31 | PnL: $0.00
  Analyzing BTCUSDT...
    BTCUSDT: Skip — ADX 16.8 < 20 (sideways)
  Analyzing ETHUSDT...
    ETHUSDT: Skip — ADX 9.9 < 20 (sideways)
  Analyzing SOLUSDT...
    SOLUSDT: Skip — ADX 18.2 < 20 (sideways)
  Analyzing BNBUSDT...
    BNBUSDT: Skip — ADX 16.0 < 20 (sideways)
  Analyzing SUIUSDT...
    SUIUSDT: Skip — ADX 10.1 < 20 (sideways)
  Analyzing AVAXUSDT...
    AVAXUSDT: Skip — HTF Neutral
  Analyzing XRPUSDT...
  No signals. Next scan in 5 menit.

[00:21:21] Scan #438 | Mode: scalping
Balance: $6.31 | PnL: $0.00
  Analyzing BTCUSDT...
    BTCUSDT: Skip — ADX 17.3 < 20 (sideways)
  Analyzing ETHUSDT...
    ETHUSDT: Skip — ADX 10.4 < 20 (sideways)
  Analyzing SOLUSDT...
    SOLUSDT: Skip — ADX 18.5 < 20 (sideways)
  Analyzing BNBUSDT...
    BNBUSDT: Skip — ADX 16.4 < 20 (sideways)
  Analyzing SUIUSDT...
    SUIUSDT: Skip — ADX 10.4 < 20 (sideways)
  Analyzing AVAXUSDT...
    AVAXUSDT: Skip — HTF Neutral
  Analyzing XRPUSDT...
  No signals. Next scan in 5 menit.

[00:26:28] Scan #439 | Mode: scalping
Balance: $6.31 | PnL: $0.00
  Analyzing BTCUSDT...
    BTCUSDT: Skip — ADX 17.3 < 20 (sideways)
  Analyzing ETHUSDT...
    ETHUSDT: Skip — ADX 10.4 < 20 (sideways)
  Analyzing SOLUSDT...
    SOLUSDT: Skip — ADX 18.5 < 20 (sideways)
  Analyzing BNBUSDT...
    BNBUSDT: Skip — ADX 16.4 < 20 (sideways)
  Analyzing SUIUSDT...
    SUIUSDT: Skip — ADX 10.4 < 20 (sideways)
  Analyzing AVAXUSDT...
    AVAXUSDT: Skip — HTF Neutral
  Analyzing XRPUSDT...
  No signals. Next scan in 5 menit.

[00:31:36] Scan #440 | Mode: scalping
Balance: $6.31 | PnL: $0.00
  Analyzing BTCUSDT...
    BTCUSDT: Skip — ADX 18.7 < 20 (sideways)
  Analyzing ETHUSDT...
    ETHUSDT: Skip — ADX 11.1 < 20 (sideways)
  Analyzing SOLUSDT...
  Analyzing BNBUSDT...
    BNBUSDT: Skip — ADX 18.0 < 20 (sideways)
  Analyzing SUIUSDT...
    SUIUSDT: Skip — ADX 10.4 < 20 (sideways)
  Analyzing AVAXUSDT...
    AVAXUSDT: Skip — HTF Neutral
  Analyzing XRPUSDT...
  No signals. Next scan in 5 menit.

[00:36:50] Scan #441 | Mode: scalping
Balance: $6.31 | PnL: $0.00
  Analyzing BTCUSDT...
    BTCUSDT: Skip — ADX 18.7 < 20 (sideways)
  Analyzing ETHUSDT...
    ETHUSDT: Skip — ADX 11.0 < 20 (sideways)
  Analyzing SOLUSDT...
  Analyzing BNBUSDT...
    BNBUSDT: Skip — ADX 18.0 < 20 (sideways)
  Analyzing SUIUSDT...
    SUIUSDT: Skip — ADX 10.4 < 20 (sideways)
  Analyzing AVAXUSDT...
    AVAXUSDT: Skip — HTF Neutral
  Analyzing XRPUSDT...
  No signals. Next scan in 5 menit.

[00:41:57] Scan #442 | Mode: scalping
Balance: $6.31 | PnL: $0.00
  Analyzing BTCUSDT...
    BTCUSDT: Skip — ADX 18.7 < 20 (sideways)
  Analyzing ETHUSDT...
    ETHUSDT: Skip — ADX 11.0 < 20 (sideways)
  Analyzing SOLUSDT...
  Analyzing BNBUSDT...
    BNBUSDT: Skip — ADX 18.0 < 20 (sideways)
  Analyzing SUIUSDT...
    SUIUSDT: Skip — ADX 10.4 < 20 (sideways)
  Analyzing AVAXUSDT...
    AVAXUSDT: Skip — HTF Neutral
  Analyzing XRPUSDT...
  No signals. Next scan in 5 menit.

[00:47:05] Scan #443 | Mode: scalping
Balance: $6.31 | PnL: $0.00
  Analyzing BTCUSDT...
    BTCUSDT: Skip — ADX 18.5 < 20 (sideways)
  Analyzing ETHUSDT...
    ETHUSDT: Skip — ADX 10.8 < 20 (sideways)
  Analyzing SOLUSDT...
  Analyzing BNBUSDT...
    BNBUSDT: Skip — ADX 17.6 < 20 (sideways)
  Analyzing SUIUSDT...
    SUIUSDT: Skip — ADX 9.2 < 20 (sideways)
  Analyzing AVAXUSDT...
    AVAXUSDT: Skip — HTF Neutral
  Analyzing XRPUSDT...
    XRPUSDT: Skip — ADX 18.6 < 20 (sideways)
  No signals. Next scan in 5 menit.

[00:52:12] Scan #444 | Mode: scalping
Balance: $6.31 | PnL: $0.00
  Analyzing BTCUSDT...
    BTCUSDT: Skip — ADX 18.9 < 20 (sideways)
  Analyzing ETHUSDT...
    ETHUSDT: Skip — ADX 11.0 < 20 (sideways)
  Analyzing SOLUSDT...
  Analyzing BNBUSDT...
    BNBUSDT: Skip — ADX 18.0 < 20 (sideways)
  Analyzing SUIUSDT...
    SUIUSDT: Skip — ADX 8.7 < 20 (sideways)
  Analyzing AVAXUSDT...
    AVAXUSDT: Skip — HTF Neutral
  Analyzing XRPUSDT...
    XRPUSDT: Skip — ADX 18.6 < 20 (sideways)
  No signals. Next scan in 5 menit.

[00:57:20] Scan #445 | Mode: scalping
Balance: $6.31 | PnL: $0.00
  Analyzing BTCUSDT...
    BTCUSDT: Skip — ADX 18.9 < 20 (sideways)
  Analyzing ETHUSDT...
    ETHUSDT: Skip — ADX 11.0 < 20 (sideways)
  Analyzing SOLUSDT...
  Analyzing BNBUSDT...
    BNBUSDT: Skip — ADX 18.0 < 20 (sideways)
  Analyzing SUIUSDT...
    SUIUSDT: Skip — ADX 8.7 < 20 (sideways)
  Analyzing AVAXUSDT...
    AVAXUSDT: Skip — HTF Neutral
  Analyzing XRPUSDT...
    XRPUSDT: Skip — ADX 18.6 < 20 (sideways)
  No signals. Next scan in 5 menit.

[01:02:27] Scan #446 | Mode: scalping
Balance: $6.31 | PnL: $0.00
  Analyzing BTCUSDT...
    BTCUSDT: Skip — ADX 19.1 < 20 (sideways)
  Analyzing ETHUSDT...
    ETHUSDT: Skip — ADX 11.6 < 20 (sideways)
  Analyzing SOLUSDT...
  Analyzing BNBUSDT...
    BNBUSDT: Skip — ADX 17.9 < 20 (sideways)
  Analyzing SUIUSDT...
    SUIUSDT: Skip — ADX 7.2 < 20 (sideways)
  Analyzing AVAXUSDT...
    AVAXUSDT: Skip — HTF Neutral
  Analyzing XRPUSDT...
    XRPUSDT: Skip — ADX 14.4 < 20 (sideways)
  No signals. Next scan in 5 menit.

[01:07:41] Scan #447 | Mode: scalping
Balance: $6.31 | PnL: $0.00
  Analyzing BTCUSDT...
    BTCUSDT: Skip — ADX 19.6 < 20 (sideways)
  Analyzing ETHUSDT...
    ETHUSDT: Skip — ADX 12.0 < 20 (sideways)
  Analyzing SOLUSDT...
  Analyzing BNBUSDT...
    BNBUSDT: Skip — ADX 18.2 < 20 (sideways)
  Analyzing SUIUSDT...
    SUIUSDT: Skip — ADX 7.8 < 20 (sideways)
  Analyzing AVAXUSDT...
    AVAXUSDT: Skip — ADX 10.2 < 20 (sideways)
  Analyzing XRPUSDT...
    XRPUSDT: Skip — ADX 14.1 < 20 (sideways)
  No signals. Next scan in 5 menit.

[01:12:49] Scan #448 | Mode: scalping
Balance: $6.31 | PnL: $0.00
  Analyzing BTCUSDT...
    BTCUSDT: Skip — ADX 19.6 < 20 (sideways)
  Analyzing ETHUSDT...
    ETHUSDT: Skip — ADX 12.1 < 20 (sideways)
  Analyzing SOLUSDT...
  Analyzing BNBUSDT...
    BNBUSDT: Skip — ADX 18.2 < 20 (sideways)
  Analyzing SUIUSDT...
    SUIUSDT: Skip — ADX 7.8 < 20 (sideways)
  Analyzing AVAXUSDT...
    AVAXUSDT: Skip — ADX 10.5 < 20 (sideways)
  Analyzing XRPUSDT...
    XRPUSDT: Skip — ADX 14.0 < 20 (sideways)
  No signals. Next scan in 5 menit.

[01:17:57] Scan #449 | Mode: scalping
Balance: $6.31 | PnL: $0.00
  Analyzing BTCUSDT...
  Analyzing ETHUSDT...
    ETHUSDT: Skip — ADX 15.1 < 20 (sideways)
  Analyzing SOLUSDT...
  Analyzing BNBUSDT...
  Analyzing SUIUSDT...
    SUIUSDT: Skip — ADX 10.6 < 20 (sideways)
  Analyzing AVAXUSDT...
    AVAXUSDT: Skip — ADX 12.3 < 20 (sideways)
  Analyzing XRPUSDT...
    XRPUSDT: Skip — ADX 13.7 < 20 (sideways)
  No signals. Next scan in 5 menit.

[01:23:13] Scan #450 | Mode: scalping
Balance: $6.31 | PnL: $0.00
  Analyzing BTCUSDT...
  Analyzing ETHUSDT...
    ETHUSDT: Skip — ADX 15.2 < 20 (sideways)
  Analyzing SOLUSDT...
  Analyzing BNBUSDT...
  Analyzing SUIUSDT...
    SUIUSDT: Skip — ADX 10.6 < 20 (sideways)
  Analyzing AVAXUSDT...
    AVAXUSDT: Skip — ADX 12.3 < 20 (sideways)
  Analyzing XRPUSDT...
    XRPUSDT: Skip — ADX 14.0 < 20 (sideways)
  No signals. Next scan in 5 menit.

[01:28:21] Scan #451 | Mode: scalping
Balance: $6.31 | PnL: $0.00
  Analyzing BTCUSDT...
  Analyzing ETHUSDT...
    ETHUSDT: Skip — ADX 15.2 < 20 (sideways)
  Analyzing SOLUSDT...
  Analyzing BNBUSDT...
  Analyzing SUIUSDT...
    SUIUSDT: Skip — ADX 10.6 < 20 (sideways)
  Analyzing AVAXUSDT...
    AVAXUSDT: Skip — ADX 12.3 < 20 (sideways)
  Analyzing XRPUSDT...
    XRPUSDT: Skip — ADX 14.1 < 20 (sideways)
  No signals. Next scan in 5 menit.

[01:33:28] Scan #452 | Mode: scalping
Balance: $6.31 | PnL: $0.00
  Analyzing BTCUSDT...
  Analyzing ETHUSDT...
    ETHUSDT: Skip — ADX 18.6 < 20 (sideways)
  Analyzing SOLUSDT...
  Analyzing BNBUSDT...
  Analyzing SUIUSDT...
    SUIUSDT: Skip — ADX 13.2 < 20 (sideways)
  Analyzing AVAXUSDT...
    AVAXUSDT: Skip — HTF Neutral
  Analyzing XRPUSDT...
    XRPUSDT: Skip — ADX 16.7 < 20 (sideways)
  No signals. Next scan in 5 menit.

[01:38:36] Scan #453 | Mode: scalping
Balance: $6.31 | PnL: $0.00
  Analyzing BTCUSDT...
  Analyzing ETHUSDT...
    ETHUSDT: Skip — ADX 18.5 < 20 (sideways)
  Analyzing SOLUSDT...
  Analyzing BNBUSDT...
  Analyzing SUIUSDT...
    SUIUSDT: Skip — ADX 13.2 < 20 (sideways)
  Analyzing AVAXUSDT...
    AVAXUSDT: Skip — HTF Neutral
  Analyzing XRPUSDT...
    XRPUSDT: Skip — ADX 16.5 < 20 (sideways)
  No signals. Next scan in 5 menit.

[01:43:50] Scan #454 | Mode: scalping
Balance: $6.31 | PnL: $0.00
  Analyzing BTCUSDT...
  Analyzing ETHUSDT...
    ETHUSDT: Skip — ADX 18.7 < 20 (sideways)
  Analyzing SOLUSDT...
  Analyzing BNBUSDT...
  Analyzing SUIUSDT...
    SUIUSDT: Skip — ADX 13.2 < 20 (sideways)
  Analyzing AVAXUSDT...
    AVAXUSDT: Skip — ADX 14.4 < 20 (sideways)
  Analyzing XRPUSDT...
    XRPUSDT: Skip — ADX 16.3 < 20 (sideways)
  No signals. Next scan in 5 menit.

[01:49:26] Scan #455 | Mode: scalping
Balance: $6.31 | PnL: $0.00
  Analyzing BTCUSDT...
  Analyzing ETHUSDT...
  Analyzing SOLUSDT...
  Analyzing BNBUSDT...
  Analyzing SUIUSDT...
    SUIUSDT: Skip — ADX 14.1 < 20 (sideways)
  Analyzing AVAXUSDT...
    AVAXUSDT: Skip — ADX 15.2 < 20 (sideways)
  Analyzing XRPUSDT...
    XRPUSDT: Skip — ADX 14.4 < 20 (sideways)
  No signals. Next scan in 5 menit.

[01:55:04] Scan #456 | Mode: scalping
Balance: $6.31 | PnL: $0.00
  Analyzing BTCUSDT...
  Analyzing ETHUSDT...
  Analyzing SOLUSDT...
  Analyzing BNBUSDT...
  Analyzing SUIUSDT...
    SUIUSDT: Skip — ADX 14.4 < 20 (sideways)
  Analyzing AVAXUSDT...
    AVAXUSDT: Skip — ADX 15.4 < 20 (sideways)
  Analyzing XRPUSDT...
    XRPUSDT: Skip — ADX 14.2 < 20 (sideways)
  No signals. Next scan in 5 menit.

[02:00:36] Scan #457 | Mode: scalping
Balance: $6.31 | PnL: $0.00
  Analyzing BTCUSDT...
  Analyzing ETHUSDT...
  Analyzing SOLUSDT...
  Analyzing BNBUSDT...
  Analyzing SUIUSDT...
    SUIUSDT: Skip — ADX 16.7 < 20 (sideways)
  Analyzing AVAXUSDT...
    AVAXUSDT: Skip — ADX 17.5 < 20 (sideways)
  Analyzing XRPUSDT...
    XRPUSDT: Skip — ADX 11.8 < 20 (sideways)
  No signals. Next scan in 5 menit.

[02:05:44] Scan #458 | Mode: scalping
Balance: $6.31 | PnL: $0.00
  Analyzing BTCUSDT...
  Analyzing ETHUSDT...
  Analyzing SOLUSDT...
  Analyzing BNBUSDT...
  Analyzing SUIUSDT...
    SUIUSDT: Skip — ADX 16.7 < 20 (sideways)
  Analyzing AVAXUSDT...
    AVAXUSDT: Skip — ADX 17.5 < 20 (sideways)
  Analyzing XRPUSDT...
    XRPUSDT: Skip — ADX 11.8 < 20 (sideways)
  No signals. Next scan in 5 menit.

[02:10:54] Scan #459 | Mode: scalping
Balance: $6.31 | PnL: $0.00
  Analyzing BTCUSDT...
  Analyzing ETHUSDT...
  Analyzing SOLUSDT...
  Analyzing BNBUSDT...
  Analyzing SUIUSDT...
    SUIUSDT: Skip — ADX 16.7 < 20 (sideways)
  Analyzing AVAXUSDT...
    AVAXUSDT: Skip — ADX 17.5 < 20 (sideways)
  Analyzing XRPUSDT...
    XRPUSDT: Skip — ADX 11.8 < 20 (sideways)
  No signals. Next scan in 5 menit.

[02:16:02] Scan #460 | Mode: scalping
Balance: $6.31 | PnL: $0.00
  Analyzing BTCUSDT...
  Analyzing ETHUSDT...
  Analyzing SOLUSDT...
  Analyzing BNBUSDT...
  Analyzing SUIUSDT...
    SUIUSDT: Skip — ADX 19.2 < 20 (sideways)
  Analyzing AVAXUSDT...
  Analyzing XRPUSDT...
    XRPUSDT: Skip — ADX 10.2 < 20 (sideways)
  No signals. Next scan in 5 menit.

[02:21:10] Scan #461 | Mode: scalping
Balance: $6.31 | PnL: $0.00
  Analyzing BTCUSDT...
  Analyzing ETHUSDT...
  Analyzing SOLUSDT...
  Analyzing BNBUSDT...
  Analyzing SUIUSDT...
    SUIUSDT: Skip — ADX 19.0 < 20 (sideways)
  Analyzing AVAXUSDT...
  Analyzing XRPUSDT...
    XRPUSDT: Skip — ADX 10.5 < 20 (sideways)
  No signals. Next scan in 5 menit.

[02:26:18] Scan #462 | Mode: scalping
Balance: $6.31 | PnL: $0.00
  Analyzing BTCUSDT...
  Analyzing ETHUSDT...
  Analyzing SOLUSDT...
  Analyzing BNBUSDT...
  Analyzing SUIUSDT...
    SUIUSDT: Skip — ADX 18.8 < 20 (sideways)
  Analyzing AVAXUSDT...
    AVAXUSDT: Skip — ADX 19.6 < 20 (sideways)
  Analyzing XRPUSDT...
    XRPUSDT: Skip — ADX 10.5 < 20 (sideways)
  No signals. Next scan in 5 menit.

[02:31:26] Scan #463 | Mode: scalping
Balance: $6.31 | PnL: $0.00
  Analyzing BTCUSDT...
  Analyzing ETHUSDT...
  Analyzing SOLUSDT...
  Analyzing BNBUSDT...
  Analyzing SUIUSDT...
  Analyzing AVAXUSDT...
  Analyzing XRPUSDT...
    XRPUSDT: Skip — ADX 9.7 < 20 (sideways)
  No signals. Next scan in 5 menit.

[02:36:34] Scan #464 | Mode: scalping
Balance: $6.31 | PnL: $0.00
  Analyzing BTCUSDT...
  Analyzing ETHUSDT...
  Analyzing SOLUSDT...
  Analyzing BNBUSDT...
  Analyzing SUIUSDT...
  Analyzing AVAXUSDT...
  Analyzing XRPUSDT...
    XRPUSDT: Skip — ADX 9.7 < 20 (sideways)
  No signals. Next scan in 5 menit.

[02:41:42] Scan #465 | Mode: scalping
Balance: $6.31 | PnL: $0.00
  Analyzing BTCUSDT...
  Analyzing ETHUSDT...
  Analyzing SOLUSDT...
  Analyzing BNBUSDT...
  Analyzing SUIUSDT...
  Analyzing AVAXUSDT...
  Analyzing XRPUSDT...
    XRPUSDT: Skip — ADX 9.7 < 20 (sideways)
  No signals. Next scan in 5 menit.

[02:46:51] Scan #466 | Mode: scalping
Balance: $6.31 | PnL: $0.00
  Analyzing BTCUSDT...
  Analyzing ETHUSDT...
  Analyzing SOLUSDT...
  Analyzing BNBUSDT...
  Analyzing SUIUSDT...
  Analyzing AVAXUSDT...
  Analyzing XRPUSDT...
    XRPUSDT: Skip — ADX 9.4 < 20 (sideways)
  No signals. Next scan in 5 menit.

[02:51:58] Scan #467 | Mode: scalping
Balance: $6.31 | PnL: $0.00
  Analyzing BTCUSDT...
  Analyzing ETHUSDT...
  Analyzing SOLUSDT...
  Analyzing BNBUSDT...
  Analyzing SUIUSDT...
  Analyzing AVAXUSDT...
  Analyzing XRPUSDT...
    XRPUSDT: Skip — ADX 9.4 < 20 (sideways)
  No signals. Next scan in 5 menit.

[02:57:07] Scan #468 | Mode: scalping
Balance: $6.31 | PnL: $0.00
  Analyzing BTCUSDT...
  Analyzing ETHUSDT...
  Analyzing SOLUSDT...
  Analyzing BNBUSDT...
  Analyzing SUIUSDT...
  Analyzing AVAXUSDT...
  Analyzing XRPUSDT...
    XRPUSDT: Skip — ADX 9.4 < 20 (sideways)
  No signals. Next scan in 5 menit.

[03:02:14] Scan #469 | Mode: scalping
Balance: $6.31 | PnL: $0.00
  Analyzing BTCUSDT...
  Analyzing ETHUSDT...
  Analyzing SOLUSDT...
  Analyzing BNBUSDT...
  Analyzing SUIUSDT...
  Analyzing AVAXUSDT...
    AVAXUSDT: Skip — HTF Neutral
  Analyzing XRPUSDT...
    XRPUSDT: Skip — ADX 9.3 < 20 (sideways)
  No signals. Next scan in 5 menit.

[03:07:21] Scan #470 | Mode: scalping
Balance: $6.31 | PnL: $0.00
  Analyzing BTCUSDT...
  Analyzing ETHUSDT...
  Analyzing SOLUSDT...
  Analyzing BNBUSDT...
  Analyzing SUIUSDT...
  Analyzing AVAXUSDT...
  Analyzing XRPUSDT...
    XRPUSDT: Skip — ADX 9.3 < 20 (sideways)
  No signals. Next scan in 5 menit.

[03:12:30] Scan #471 | Mode: scalping
Balance: $6.31 | PnL: $0.00
  Analyzing BTCUSDT...
  Analyzing ETHUSDT...
  Analyzing SOLUSDT...
  Analyzing BNBUSDT...
  Analyzing SUIUSDT...
  Analyzing AVAXUSDT...
  Analyzing XRPUSDT...
    XRPUSDT: Skip — ADX 9.3 < 20 (sideways)
  No signals. Next scan in 5 menit.

[03:17:38] Scan #472 | Mode: scalping
Balance: $6.31 | PnL: $0.00
  Analyzing BTCUSDT...
  Analyzing ETHUSDT...
  Analyzing SOLUSDT...
  Analyzing BNBUSDT...
  Analyzing SUIUSDT...
  Analyzing AVAXUSDT...
  Analyzing XRPUSDT...
    XRPUSDT: Skip — ADX 9.2 < 20 (sideways)
  No signals. Next scan in 5 menit.

[03:22:46] Scan #473 | Mode: scalping
Balance: $6.31 | PnL: $0.00
  Analyzing BTCUSDT...
  Analyzing ETHUSDT...
  Analyzing SOLUSDT...
  Analyzing BNBUSDT...
  Analyzing SUIUSDT...
  Analyzing AVAXUSDT...
  Analyzing XRPUSDT...
    XRPUSDT: Skip — ADX 9.8 < 20 (sideways)
  No signals. Next scan in 5 menit.

[03:27:53] Scan #474 | Mode: scalping
Balance: $6.31 | PnL: $0.00
  Analyzing BTCUSDT...
  Analyzing ETHUSDT...
  Analyzing SOLUSDT...
  Analyzing BNBUSDT...
  Analyzing SUIUSDT...
  Analyzing AVAXUSDT...
  Analyzing XRPUSDT...
    XRPUSDT: Skip — ADX 9.8 < 20 (sideways)
  No signals. Next scan in 5 menit.

[03:33:01] Scan #475 | Mode: scalping
Balance: $6.31 | PnL: $0.00
  Analyzing BTCUSDT...
  Analyzing ETHUSDT...
  Analyzing SOLUSDT...
  Analyzing BNBUSDT...
  Analyzing SUIUSDT...
  Analyzing AVAXUSDT...
  Analyzing XRPUSDT...
    XRPUSDT: Skip — ADX 9.1 < 20 (sideways)
  No signals. Next scan in 5 menit.

[03:38:16] Scan #476 | Mode: scalping
Balance: $6.31 | PnL: $0.00
  Analyzing BTCUSDT...
  Analyzing ETHUSDT...
  Analyzing SOLUSDT...
  Analyzing BNBUSDT...
  Analyzing SUIUSDT...
  Analyzing AVAXUSDT...
  Analyzing XRPUSDT...
    XRPUSDT: Skip — ADX 9.1 < 20 (sideways)
  No signals. Next scan in 5 menit.

[03:43:26] Scan #477 | Mode: scalping
Balance: $6.31 | PnL: $0.00
  Analyzing BTCUSDT...
  Analyzing ETHUSDT...
  Analyzing SOLUSDT...
  Analyzing BNBUSDT...
  Analyzing SUIUSDT...
  Analyzing AVAXUSDT...
  Analyzing XRPUSDT...
    XRPUSDT: Skip — ADX 9.1 < 20 (sideways)
  No signals. Next scan in 5 menit.

[03:48:33] Scan #478 | Mode: scalping
Balance: $6.31 | PnL: $0.00
  Analyzing BTCUSDT...
  Analyzing ETHUSDT...
  Analyzing SOLUSDT...
  Analyzing BNBUSDT...
  Analyzing SUIUSDT...
  Analyzing AVAXUSDT...
  Analyzing XRPUSDT...
    XRPUSDT: Skip — ADX 8.6 < 20 (sideways)
  No signals. Next scan in 5 menit.

[03:54:09] Scan #479 | Mode: scalping
Balance: $6.31 | PnL: $0.00
  Analyzing BTCUSDT...
  Analyzing ETHUSDT...
  Analyzing SOLUSDT...
  Analyzing BNBUSDT...
  Analyzing SUIUSDT...
  Analyzing AVAXUSDT...
  Analyzing XRPUSDT...
    XRPUSDT: Skip — ADX 8.1 < 20 (sideways)
  No signals. Next scan in 5 menit.

[03:59:44] Scan #480 | Mode: scalping
Balance: $6.31 | PnL: $0.00
  Analyzing BTCUSDT...
  Analyzing ETHUSDT...
  Analyzing SOLUSDT...
  Analyzing BNBUSDT...
  Analyzing SUIUSDT...
  Analyzing AVAXUSDT...
  Analyzing XRPUSDT...
    XRPUSDT: Skip — ADX 9.0 < 20 (sideways)
  No signals. Next scan in 5 menit.

[04:05:04] Scan #481 | Mode: scalping
Balance: $6.31 | PnL: $0.00
  Analyzing BTCUSDT...
  Analyzing ETHUSDT...
  Analyzing SOLUSDT...
    SOLUSDT: Skip — ADX 18.8 < 20 (sideways)
  Analyzing BNBUSDT...
  Analyzing SUIUSDT...
  Analyzing AVAXUSDT...
  Analyzing XRPUSDT...
    XRPUSDT: Skip — ADX 9.0 < 20 (sideways)
  No signals. Next scan in 5 menit.

[04:10:12] Scan #482 | Mode: scalping
Balance: $6.31 | PnL: $0.00
  Analyzing BTCUSDT...
  Analyzing ETHUSDT...
  Analyzing SOLUSDT...
    SOLUSDT: Skip — ADX 19.1 < 20 (sideways)
  Analyzing BNBUSDT...
  Analyzing SUIUSDT...
  Analyzing AVAXUSDT...
  Analyzing XRPUSDT...
    XRPUSDT: Skip — ADX 8.4 < 20 (sideways)
  No signals. Next scan in 5 menit.

[04:15:20] Scan #483 | Mode: scalping
Balance: $6.31 | PnL: $0.00
  Analyzing BTCUSDT...
  Analyzing ETHUSDT...
  Analyzing SOLUSDT...
    SOLUSDT: Skip — ADX 17.3 < 20 (sideways)
  Analyzing BNBUSDT...
  Analyzing SUIUSDT...
  Analyzing AVAXUSDT...
  Analyzing XRPUSDT...
    XRPUSDT: Skip — ADX 7.6 < 20 (sideways)
  No signals. Next scan in 5 menit.

[04:20:28] Scan #484 | Mode: scalping
Balance: $6.31 | PnL: $0.00
  Analyzing BTCUSDT...
  Analyzing ETHUSDT...
  Analyzing SOLUSDT...
    SOLUSDT: Skip — ADX 17.3 < 20 (sideways)
  Analyzing BNBUSDT...
  Analyzing SUIUSDT...
  Analyzing AVAXUSDT...
  Analyzing XRPUSDT...
    XRPUSDT: Skip — ADX 7.9 < 20 (sideways)
  No signals. Next scan in 5 menit.

[04:25:35] Scan #485 | Mode: scalping
Balance: $6.31 | PnL: $0.00
  Analyzing BTCUSDT...
  Analyzing ETHUSDT...
  Analyzing SOLUSDT...
    SOLUSDT: Skip — ADX 17.3 < 20 (sideways)
  Analyzing BNBUSDT...
  Analyzing SUIUSDT...
  Analyzing AVAXUSDT...
  Analyzing XRPUSDT...
    XRPUSDT: Skip — ADX 7.9 < 20 (sideways)
  No signals. Next scan in 5 menit.

[04:30:43] Scan #486 | Mode: scalping
Balance: $6.31 | PnL: $0.00
  Analyzing BTCUSDT...
  Analyzing ETHUSDT...
  Analyzing SOLUSDT...
    SOLUSDT: Skip — ADX 16.3 < 20 (sideways)
  Analyzing BNBUSDT...
  Analyzing SUIUSDT...
  Analyzing AVAXUSDT...
  Analyzing XRPUSDT...
    XRPUSDT: Skip — ADX 9.6 < 20 (sideways)
  No signals. Next scan in 5 menit.

[04:35:51] Scan #487 | Mode: scalping
Balance: $6.31 | PnL: $0.00
  Analyzing BTCUSDT...
  Analyzing ETHUSDT...
  Analyzing SOLUSDT...
    SOLUSDT: Skip — ADX 16.6 < 20 (sideways)
  Analyzing BNBUSDT...
  Analyzing SUIUSDT...
  Analyzing AVAXUSDT...
  Analyzing XRPUSDT...
    XRPUSDT: Skip — ADX 9.4 < 20 (sideways)
  No signals. Next scan in 5 menit.

[04:40:58] Scan #488 | Mode: scalping
Balance: $6.31 | PnL: $0.00
  Analyzing BTCUSDT...
  Analyzing ETHUSDT...
  Analyzing SOLUSDT...
    SOLUSDT: Skip — ADX 16.6 < 20 (sideways)
  Analyzing BNBUSDT...
  Analyzing SUIUSDT...
  Analyzing AVAXUSDT...
  Analyzing XRPUSDT...
    XRPUSDT: Skip — ADX 9.3 < 20 (sideways)
  No signals. Next scan in 5 menit.

[04:46:05] Scan #489 | Mode: scalping
Balance: $6.31 | PnL: $0.00
  Analyzing BTCUSDT...
  Analyzing ETHUSDT...
  Analyzing SOLUSDT...
    SOLUSDT: Skip — ADX 14.0 < 20 (sideways)
  Analyzing BNBUSDT...
  Analyzing SUIUSDT...
  Analyzing AVAXUSDT...
  Analyzing XRPUSDT...
    XRPUSDT: Skip — ADX 10.1 < 20 (sideways)
  No signals. Next scan in 5 menit.

[04:51:13] Scan #490 | Mode: scalping
Balance: $6.31 | PnL: $0.00
  Analyzing BTCUSDT...
  Analyzing ETHUSDT...
  Analyzing SOLUSDT...
    SOLUSDT: Skip — ADX 14.0 < 20 (sideways)
  Analyzing BNBUSDT...
  Analyzing SUIUSDT...
  Analyzing AVAXUSDT...
  Analyzing XRPUSDT...
    XRPUSDT: Skip — ADX 9.7 < 20 (sideways)
  No signals. Next scan in 5 menit.

[04:56:21] Scan #491 | Mode: scalping
Balance: $6.31 | PnL: $0.00
  Analyzing BTCUSDT...
  Analyzing ETHUSDT...
  Analyzing SOLUSDT...
    SOLUSDT: Skip — ADX 14.0 < 20 (sideways)
  Analyzing BNBUSDT...
  Analyzing SUIUSDT...
  Analyzing AVAXUSDT...
  Analyzing XRPUSDT...
    XRPUSDT: Skip — ADX 9.3 < 20 (sideways)
  No signals. Next scan in 5 menit.

[05:01:29] Scan #492 | Mode: scalping
Balance: $6.31 | PnL: $0.00
  Analyzing BTCUSDT...
  Analyzing ETHUSDT...
  Analyzing SOLUSDT...
    SOLUSDT: Skip — ADX 10.0 < 20 (sideways)
  Analyzing BNBUSDT...
  Analyzing SUIUSDT...
  Analyzing AVAXUSDT...
  Analyzing XRPUSDT...
    XRPUSDT: Skip — ADX 8.0 < 20 (sideways)
  No signals. Next scan in 5 menit.

[05:06:37] Scan #493 | Mode: scalping
Balance: $6.31 | PnL: $0.00
  Analyzing BTCUSDT...
  Analyzing ETHUSDT...
  Analyzing SOLUSDT...
    SOLUSDT: Skip — ADX 9.9 < 20 (sideways)
  Analyzing BNBUSDT...
  Analyzing SUIUSDT...
  Analyzing AVAXUSDT...
  Analyzing XRPUSDT...
    XRPUSDT: Skip — ADX 7.7 < 20 (sideways)
  No signals. Next scan in 5 menit.

[05:11:55] Scan #494 | Mode: scalping
Balance: $6.31 | PnL: $0.00
  Analyzing BTCUSDT...
  Analyzing ETHUSDT...
  Analyzing SOLUSDT...
    SOLUSDT: Skip — ADX 10.2 < 20 (sideways)
  Analyzing BNBUSDT...
  Analyzing SUIUSDT...
  Analyzing AVAXUSDT...
  Analyzing XRPUSDT...
    XRPUSDT: Skip — ADX 7.7 < 20 (sideways)
  No signals. Next scan in 5 menit.

[05:17:04] Scan #495 | Mode: scalping
Balance: $6.31 | PnL: $0.00
  Analyzing BTCUSDT...
  Analyzing ETHUSDT...
  Analyzing SOLUSDT...
    SOLUSDT: Skip — ADX 9.4 < 20 (sideways)
  Analyzing BNBUSDT...
  Analyzing SUIUSDT...
  Analyzing AVAXUSDT...
  Analyzing XRPUSDT...
    XRPUSDT: Skip — ADX 9.3 < 20 (sideways)
  No signals. Next scan in 5 menit.

[05:22:24] Scan #496 | Mode: scalping
Balance: $6.31 | PnL: $0.00
  Analyzing BTCUSDT...
  Analyzing ETHUSDT...
  Analyzing SOLUSDT...
    SOLUSDT: Skip — ADX 8.8 < 20 (sideways)
  Analyzing BNBUSDT...
  Analyzing SUIUSDT...
  Analyzing AVAXUSDT...
  Analyzing XRPUSDT...
    XRPUSDT: Skip — ADX 9.9 < 20 (sideways)
  No signals. Next scan in 5 menit.

[05:27:33] Scan #497 | Mode: scalping
Balance: $6.31 | PnL: $0.00
  Analyzing BTCUSDT...
  Analyzing ETHUSDT...
  Analyzing SOLUSDT...
    SOLUSDT: Skip — ADX 8.8 < 20 (sideways)
  Analyzing BNBUSDT...
  Analyzing SUIUSDT...
  Analyzing AVAXUSDT...
  Analyzing XRPUSDT...
    XRPUSDT: Skip — ADX 10.0 < 20 (sideways)
  No signals. Next scan in 5 menit.

[05:32:41] Scan #498 | Mode: scalping
Balance: $6.31 | PnL: $0.00
  Analyzing BTCUSDT...
  Analyzing ETHUSDT...
  Analyzing SOLUSDT...
    SOLUSDT: Skip — ADX 7.5 < 20 (sideways)
  Analyzing BNBUSDT...
  Analyzing SUIUSDT...
  Analyzing AVAXUSDT...
  Analyzing XRPUSDT...
    XRPUSDT: Skip — ADX 12.2 < 20 (sideways)
  No signals. Next scan in 5 menit.

[05:37:49] Scan #499 | Mode: scalping
Balance: $6.31 | PnL: $0.00
  Analyzing BTCUSDT...
  Analyzing ETHUSDT...
  Analyzing SOLUSDT...
    SOLUSDT: Skip — ADX 7.5 < 20 (sideways)
  Analyzing BNBUSDT...
  Analyzing SUIUSDT...
  Analyzing AVAXUSDT...
  Analyzing XRPUSDT...
    XRPUSDT: Skip — ADX 12.2 < 20 (sideways)
  No signals. Next scan in 5 menit.

[05:42:57] Scan #500 | Mode: scalping
Balance: $6.31 | PnL: $0.00
  Analyzing BTCUSDT...
  Analyzing ETHUSDT...
  Analyzing SOLUSDT...
    SOLUSDT: Skip — ADX 7.4 < 20 (sideways)
  Analyzing BNBUSDT...
  Analyzing SUIUSDT...
  Analyzing AVAXUSDT...
  Analyzing XRPUSDT...
    XRPUSDT: Skip — ADX 12.2 < 20 (sideways)
  No signals. Next scan in 5 menit.

[05:48:06] Scan #501 | Mode: scalping
Balance: $6.31 | PnL: $0.00
  Analyzing BTCUSDT...
  Analyzing ETHUSDT...
  Analyzing SOLUSDT...
    SOLUSDT: Skip — ADX 8.1 < 20 (sideways)
  Analyzing BNBUSDT...
  Analyzing SUIUSDT...
  Analyzing AVAXUSDT...
  Analyzing XRPUSDT...
    XRPUSDT: Skip — ADX 13.6 < 20 (sideways)
  No signals. Next scan in 5 menit.

[05:53:15] Scan #502 | Mode: scalping
Balance: $6.31 | PnL: $0.00
  Analyzing BTCUSDT...
  Analyzing ETHUSDT...
  Analyzing SOLUSDT...
    SOLUSDT: Skip — ADX 8.1 < 20 (sideways)
  Analyzing BNBUSDT...
  Analyzing SUIUSDT...
  Analyzing AVAXUSDT...
  Analyzing XRPUSDT...
    XRPUSDT: Skip — ADX 13.7 < 20 (sideways)
  No signals. Next scan in 5 menit.

[05:58:51] Scan #503 | Mode: scalping
Balance: $6.31 | PnL: $0.00
  Analyzing BTCUSDT...
  Analyzing ETHUSDT...
  Analyzing SOLUSDT...
    SOLUSDT: Skip — ADX 8.1 < 20 (sideways)
  Analyzing BNBUSDT...
  Analyzing SUIUSDT...
  Analyzing AVAXUSDT...
  Analyzing XRPUSDT...
    XRPUSDT: Skip — ADX 13.7 < 20 (sideways)
  No signals. Next scan in 5 menit.

[06:03:59] Scan #504 | Mode: scalping
Balance: $6.31 | PnL: $0.00
  Analyzing BTCUSDT...
  Analyzing ETHUSDT...
  Analyzing SOLUSDT...
    SOLUSDT: Skip — ADX 8.3 < 20 (sideways)
  Analyzing BNBUSDT...
  Analyzing SUIUSDT...
  Analyzing AVAXUSDT...
  Analyzing XRPUSDT...
    XRPUSDT: Skip — ADX 16.1 < 20 (sideways)
  No signals. Next scan in 5 menit.

[06:09:07] Scan #505 | Mode: scalping
Balance: $6.31 | PnL: $0.00
  Analyzing BTCUSDT...
  Analyzing ETHUSDT...
  Analyzing SOLUSDT...
    SOLUSDT: Skip — ADX 8.3 < 20 (sideways)
  Analyzing BNBUSDT...
  Analyzing SUIUSDT...
  Analyzing AVAXUSDT...
  Analyzing XRPUSDT...
    XRPUSDT: Skip — ADX 16.1 < 20 (sideways)
  No signals. Next scan in 5 menit.

[06:14:14] Scan #506 | Mode: scalping
Balance: $6.31 | PnL: $0.00
  Analyzing BTCUSDT...
  Analyzing ETHUSDT...
  Analyzing SOLUSDT...
    SOLUSDT: Skip — ADX 8.3 < 20 (sideways)
  Analyzing BNBUSDT...
  Analyzing SUIUSDT...
  Analyzing AVAXUSDT...
  Analyzing XRPUSDT...
    XRPUSDT: Skip — ADX 16.1 < 20 (sideways)
  No signals. Next scan in 5 menit.

[06:19:23] Scan #507 | Mode: scalping
Balance: $6.31 | PnL: $0.00
  Analyzing BTCUSDT...
  Analyzing ETHUSDT...
  Analyzing SOLUSDT...
    SOLUSDT: Skip — ADX 8.5 < 20 (sideways)
  Analyzing BNBUSDT...
    BNBUSDT: Skip — ADX 18.8 < 20 (sideways)
  Analyzing SUIUSDT...
  Analyzing AVAXUSDT...
    AVAXUSDT: Skip — HTF Neutral
  Analyzing XRPUSDT...
    XRPUSDT: Skip — ADX 18.3 < 20 (sideways)
  No signals. Next scan in 5 menit.

[06:24:31] Scan #508 | Mode: scalping
Balance: $6.31 | PnL: $0.00
  Analyzing BTCUSDT...
  Analyzing ETHUSDT...
  Analyzing SOLUSDT...
    SOLUSDT: Skip — ADX 8.5 < 20 (sideways)
  Analyzing BNBUSDT...
    BNBUSDT: Skip — ADX 18.8 < 20 (sideways)
  Analyzing SUIUSDT...
  Analyzing AVAXUSDT...
    AVAXUSDT: Skip — HTF Neutral
  Analyzing XRPUSDT...
    XRPUSDT: Skip — ADX 18.3 < 20 (sideways)
  No signals. Next scan in 5 menit.

[06:29:39] Scan #509 | Mode: scalping
Balance: $6.31 | PnL: $0.00
  Analyzing BTCUSDT...
  Analyzing ETHUSDT...
  Analyzing SOLUSDT...
    SOLUSDT: Skip — ADX 8.8 < 20 (sideways)
  Analyzing BNBUSDT...
    BNBUSDT: Skip — ADX 18.8 < 20 (sideways)
  Analyzing SUIUSDT...
  Analyzing AVAXUSDT...
    AVAXUSDT: Skip — HTF Neutral
  Analyzing XRPUSDT...
    XRPUSDT: Skip — ADX 18.3 < 20 (sideways)
  No signals. Next scan in 5 menit.

[06:34:46] Scan #510 | Mode: scalping
Balance: $6.31 | PnL: $0.00
  Analyzing BTCUSDT...
  Analyzing ETHUSDT...
  Analyzing SOLUSDT...
    SOLUSDT: Skip — ADX 8.7 < 20 (sideways)
  Analyzing BNBUSDT...
    BNBUSDT: Skip — ADX 16.5 < 20 (sideways)
  Analyzing SUIUSDT...
  Analyzing AVAXUSDT...
    AVAXUSDT: Skip — HTF Neutral
  Analyzing XRPUSDT...
  No signals. Next scan in 5 menit.

[06:40:24] Scan #511 | Mode: scalping
Balance: $6.31 | PnL: $0.00
  Analyzing BTCUSDT...
  Analyzing ETHUSDT...
  Analyzing SOLUSDT...
    SOLUSDT: Skip — ADX 8.7 < 20 (sideways)
  Analyzing BNBUSDT...
    BNBUSDT: Skip — ADX 16.4 < 20 (sideways)
  Analyzing SUIUSDT...
  Analyzing AVAXUSDT...
    AVAXUSDT: Skip — HTF Neutral
  Analyzing XRPUSDT...
  No signals. Next scan in 5 menit.

[06:45:42] Scan #512 | Mode: scalping
Balance: $6.31 | PnL: $0.00
  Analyzing BTCUSDT...
  Analyzing ETHUSDT...
  Analyzing SOLUSDT...
    SOLUSDT: Skip — ADX 8.9 < 20 (sideways)
  Analyzing BNBUSDT...
    BNBUSDT: Skip — ADX 14.6 < 20 (sideways)
  Analyzing SUIUSDT...
  Analyzing AVAXUSDT...
    AVAXUSDT: Skip — HTF Neutral
  Analyzing XRPUSDT...
  No signals. Next scan in 5 menit.

[06:50:49] Scan #513 | Mode: scalping
Balance: $6.31 | PnL: $0.00
  Analyzing BTCUSDT...
  Analyzing ETHUSDT...
  Analyzing SOLUSDT...
    SOLUSDT: Skip — ADX 8.9 < 20 (sideways)
  Analyzing BNBUSDT...
    BNBUSDT: Skip — ADX 14.3 < 20 (sideways)
  Analyzing SUIUSDT...
  Analyzing AVAXUSDT...
    AVAXUSDT: Skip — HTF Neutral
  Analyzing XRPUSDT...
  No signals. Next scan in 5 menit.

[06:55:56] Scan #514 | Mode: scalping
Balance: $6.31 | PnL: $0.00
  Analyzing BTCUSDT...
  Analyzing ETHUSDT...
  Analyzing SOLUSDT...
    SOLUSDT: Skip — ADX 8.9 < 20 (sideways)
  Analyzing BNBUSDT...
    BNBUSDT: Skip — ADX 14.3 < 20 (sideways)
  Analyzing SUIUSDT...
  Analyzing AVAXUSDT...
    AVAXUSDT: Skip — HTF Neutral
  Analyzing XRPUSDT...
  No signals. Next scan in 5 menit.

[07:01:04] Scan #515 | Mode: scalping
Balance: $6.31 | PnL: $0.00
  Analyzing BTCUSDT...
  Analyzing ETHUSDT...
  Analyzing SOLUSDT...
    SOLUSDT: Skip — ADX 9.9 < 20 (sideways)
  Analyzing BNBUSDT...
    BNBUSDT: Skip — ADX 12.0 < 20 (sideways)
  Analyzing SUIUSDT...
    SUIUSDT: Skip — ADX 19.8 < 20 (sideways)
  Analyzing AVAXUSDT...
    AVAXUSDT: Skip — HTF Neutral
  Analyzing XRPUSDT...
  No signals. Next scan in 5 menit.

[07:06:26] Scan #516 | Mode: scalping
Balance: $6.31 | PnL: $0.00
  Analyzing BTCUSDT...
  Analyzing ETHUSDT...
  Analyzing SOLUSDT...
    SOLUSDT: Skip — ADX 9.4 < 20 (sideways)
  Analyzing BNBUSDT...
    BNBUSDT: Skip — ADX 12.6 < 20 (sideways)
  Analyzing SUIUSDT...
    SUIUSDT: Skip — ADX 19.1 < 20 (sideways)
  Analyzing AVAXUSDT...
    AVAXUSDT: Skip — HTF Neutral
  Analyzing XRPUSDT...
  No signals. Next scan in 5 menit.

[07:11:33] Scan #517 | Mode: scalping
Balance: $6.31 | PnL: $0.00
  Analyzing BTCUSDT...
  Analyzing ETHUSDT...
  Analyzing SOLUSDT...
    SOLUSDT: Skip — ADX 9.1 < 20 (sideways)
  Analyzing BNBUSDT...
    BNBUSDT: Skip — ADX 12.6 < 20 (sideways)
  Analyzing SUIUSDT...
    SUIUSDT: Skip — ADX 19.1 < 20 (sideways)
  Analyzing AVAXUSDT...
    AVAXUSDT: Skip — HTF Neutral
  Analyzing XRPUSDT...
  No signals. Next scan in 5 menit.

[07:16:50] Scan #518 | Mode: scalping
Balance: $6.31 | PnL: $0.00
  Analyzing BTCUSDT...
  Analyzing ETHUSDT...
    ETHUSDT: Skip — ADX 18.8 < 20 (sideways)
  Analyzing SOLUSDT...
    SOLUSDT: Skip — ADX 8.7 < 20 (sideways)
  Analyzing BNBUSDT...
    BNBUSDT: Skip — ADX 11.6 < 20 (sideways)
  Analyzing SUIUSDT...
    SUIUSDT: Skip — ADX 18.2 < 20 (sideways)
  Analyzing AVAXUSDT...
    AVAXUSDT: Skip — HTF Neutral
  Analyzing XRPUSDT...
  No signals. Next scan in 5 menit.

[07:21:58] Scan #519 | Mode: scalping
Balance: $6.31 | PnL: $0.00
  Analyzing BTCUSDT...
  Analyzing ETHUSDT...
    ETHUSDT: Skip — ADX 18.8 < 20 (sideways)
  Analyzing SOLUSDT...
    SOLUSDT: Skip — ADX 8.6 < 20 (sideways)
  Analyzing BNBUSDT...
    BNBUSDT: Skip — ADX 11.7 < 20 (sideways)
  Analyzing SUIUSDT...
    SUIUSDT: Skip — ADX 18.2 < 20 (sideways)
  Analyzing AVAXUSDT...
    AVAXUSDT: Skip — HTF Neutral
  Analyzing XRPUSDT...
  No signals. Next scan in 5 menit.

[07:27:07] Scan #520 | Mode: scalping
Balance: $6.31 | PnL: $0.00
  Analyzing BTCUSDT...
  Analyzing ETHUSDT...
    ETHUSDT: Skip — ADX 18.8 < 20 (sideways)
  Analyzing SOLUSDT...
    SOLUSDT: Skip — ADX 8.5 < 20 (sideways)
  Analyzing BNBUSDT...
    BNBUSDT: Skip — ADX 11.8 < 20 (sideways)
  Analyzing SUIUSDT...
    SUIUSDT: Skip — ADX 18.2 < 20 (sideways)
  Analyzing AVAXUSDT...
    AVAXUSDT: Skip — HTF Neutral
  Analyzing XRPUSDT...
  No signals. Next scan in 5 menit.

[07:32:14] Scan #521 | Mode: scalping
Balance: $6.31 | PnL: $0.00
  Analyzing BTCUSDT...
  Analyzing ETHUSDT...
    ETHUSDT: Skip — ADX 16.6 < 20 (sideways)
  Analyzing SOLUSDT...
    SOLUSDT: Skip — ADX 9.5 < 20 (sideways)
  Analyzing BNBUSDT...
    BNBUSDT: Skip — ADX 9.6 < 20 (sideways)
  Analyzing SUIUSDT...
    SUIUSDT: Skip — ADX 17.0 < 20 (sideways)
  Analyzing AVAXUSDT...
    AVAXUSDT: Skip — HTF Neutral
  Analyzing XRPUSDT...
  No signals. Next scan in 5 menit.

[07:37:20] Scan #522 | Mode: scalping
Balance: $6.31 | PnL: $0.00
  Analyzing BTCUSDT...
  Analyzing ETHUSDT...
    ETHUSDT: Skip — ADX 16.3 < 20 (sideways)
  Analyzing SOLUSDT...
    SOLUSDT: Skip — ADX 9.4 < 20 (sideways)
  Analyzing BNBUSDT...
    BNBUSDT: Skip — ADX 9.6 < 20 (sideways)
  Analyzing SUIUSDT...
    SUIUSDT: Skip — ADX 16.6 < 20 (sideways)
  Analyzing AVAXUSDT...
    AVAXUSDT: Skip — HTF Neutral
  Analyzing XRPUSDT...
  No signals. Next scan in 5 menit.

[07:42:38] Scan #523 | Mode: scalping
Balance: $6.31 | PnL: $0.00
  Analyzing BTCUSDT...
  Analyzing ETHUSDT...
    ETHUSDT: Skip — ADX 16.3 < 20 (sideways)
  Analyzing SOLUSDT...
    SOLUSDT: Skip — ADX 9.4 < 20 (sideways)
  Analyzing BNBUSDT...
    BNBUSDT: Skip — ADX 9.9 < 20 (sideways)
  Analyzing SUIUSDT...
    SUIUSDT: Skip — ADX 16.4 < 20 (sideways)
  Analyzing AVAXUSDT...
    AVAXUSDT: Skip — HTF Neutral
  Analyzing XRPUSDT...
  No signals. Next scan in 5 menit.

[07:47:45] Scan #524 | Mode: scalping
Balance: $6.31 | PnL: $0.00
  Analyzing BTCUSDT...
  Analyzing ETHUSDT...
    ETHUSDT: Skip — ADX 13.8 < 20 (sideways)
  Analyzing SOLUSDT...
    SOLUSDT: Skip — ADX 9.0 < 20 (sideways)
  Analyzing BNBUSDT...
    BNBUSDT: Skip — ADX 10.3 < 20 (sideways)
  Analyzing SUIUSDT...
    SUIUSDT: Skip — ADX 14.0 < 20 (sideways)
  Analyzing AVAXUSDT...
    AVAXUSDT: Skip — HTF Neutral
  Analyzing XRPUSDT...
  No signals. Next scan in 5 menit.

[07:52:52] Scan #525 | Mode: scalping
Balance: $6.31 | PnL: $0.00
  Analyzing BTCUSDT...
  Analyzing ETHUSDT...
    ETHUSDT: Skip — ADX 14.1 < 20 (sideways)
  Analyzing SOLUSDT...
    SOLUSDT: Skip — ADX 9.1 < 20 (sideways)
  Analyzing BNBUSDT...
    BNBUSDT: Skip — ADX 10.3 < 20 (sideways)
  Analyzing SUIUSDT...
    SUIUSDT: Skip — ADX 14.0 < 20 (sideways)
  Analyzing AVAXUSDT...
    AVAXUSDT: Skip — HTF Neutral
  Analyzing XRPUSDT...
  No signals. Next scan in 5 menit.

[07:58:00] Scan #526 | Mode: scalping
Balance: $6.31 | PnL: $0.00
  Analyzing BTCUSDT...
  Analyzing ETHUSDT...
    ETHUSDT: Skip — ADX 14.1 < 20 (sideways)
  Analyzing SOLUSDT...
    SOLUSDT: Skip — ADX 9.1 < 20 (sideways)
  Analyzing BNBUSDT...
    BNBUSDT: Skip — ADX 10.3 < 20 (sideways)
  Analyzing SUIUSDT...
    SUIUSDT: Skip — ADX 14.0 < 20 (sideways)
  Analyzing AVAXUSDT...
    AVAXUSDT: Skip — HTF Neutral
  Analyzing XRPUSDT...
  No signals. Next scan in 5 menit.

[08:03:07] Scan #527 | Mode: scalping
Balance: $6.31 | PnL: $0.00
  Analyzing BTCUSDT...
  Analyzing ETHUSDT...
    ETHUSDT: Skip — ADX 13.0 < 20 (sideways)
  Analyzing SOLUSDT...
    SOLUSDT: Skip — ADX 8.5 < 20 (sideways)
  Analyzing BNBUSDT...
    BNBUSDT: Skip — ADX 12.3 < 20 (sideways)
  Analyzing SUIUSDT...
    SUIUSDT: Skip — ADX 12.8 < 20 (sideways)
  Analyzing AVAXUSDT...
    AVAXUSDT: Skip — HTF Neutral
  Analyzing XRPUSDT...
  No signals. Next scan in 5 menit.

[08:08:15] Scan #528 | Mode: scalping
Balance: $6.31 | PnL: $0.00
  Analyzing BTCUSDT...
  Analyzing ETHUSDT...
    ETHUSDT: Skip — ADX 13.3 < 20 (sideways)
  Analyzing SOLUSDT...
    SOLUSDT: Skip — ADX 8.7 < 20 (sideways)
  Analyzing BNBUSDT...
    BNBUSDT: Skip — ADX 12.6 < 20 (sideways)
  Analyzing SUIUSDT...
    SUIUSDT: Skip — ADX 12.9 < 20 (sideways)
  Analyzing AVAXUSDT...
  Analyzing XRPUSDT...
  No signals. Next scan in 5 menit.

[08:13:23] Scan #529 | Mode: scalping
Balance: $6.31 | PnL: $0.00
  Analyzing BTCUSDT...
  Analyzing ETHUSDT...
    ETHUSDT: Skip — ADX 13.3 < 20 (sideways)
  Analyzing SOLUSDT...
    SOLUSDT: Skip — ADX 8.7 < 20 (sideways)
  Analyzing BNBUSDT...
    BNBUSDT: Skip — ADX 12.6 < 20 (sideways)
  Analyzing SUIUSDT...
    SUIUSDT: Skip — ADX 12.9 < 20 (sideways)
  Analyzing AVAXUSDT...
  Analyzing XRPUSDT...
  No signals. Next scan in 5 menit.

[08:18:31] Scan #530 | Mode: scalping
Balance: $6.31 | PnL: $0.00
  Analyzing BTCUSDT...
  Analyzing ETHUSDT...
    ETHUSDT: Skip — ADX 12.6 < 20 (sideways)
  Analyzing SOLUSDT...
    SOLUSDT: Skip — ADX 8.1 < 20 (sideways)
  Analyzing BNBUSDT...
    BNBUSDT: Skip — ADX 14.6 < 20 (sideways)
  Analyzing SUIUSDT...
    SUIUSDT: Skip — ADX 11.4 < 20 (sideways)
  Analyzing AVAXUSDT...
  Analyzing XRPUSDT...
  No signals. Next scan in 5 menit.

[08:23:49] Scan #531 | Mode: scalping
Balance: $6.31 | PnL: $0.00
  Analyzing BTCUSDT...
  Analyzing ETHUSDT...
    ETHUSDT: Skip — ADX 12.6 < 20 (sideways)
  Analyzing SOLUSDT...
    SOLUSDT: Skip — ADX 8.1 < 20 (sideways)
  Analyzing BNBUSDT...
    BNBUSDT: Skip — ADX 14.4 < 20 (sideways)
  Analyzing SUIUSDT...
    SUIUSDT: Skip — ADX 11.4 < 20 (sideways)
  Analyzing AVAXUSDT...
  Analyzing XRPUSDT...
  No signals. Next scan in 5 menit.

[08:28:57] Scan #532 | Mode: scalping
Balance: $6.31 | PnL: $0.00
  Analyzing BTCUSDT...
  Analyzing ETHUSDT...
    ETHUSDT: Skip — ADX 12.6 < 20 (sideways)
  Analyzing SOLUSDT...
    SOLUSDT: Skip — ADX 8.1 < 20 (sideways)
  Analyzing BNBUSDT...
    BNBUSDT: Skip — ADX 13.9 < 20 (sideways)
  Analyzing SUIUSDT...
    SUIUSDT: Skip — ADX 11.4 < 20 (sideways)
  Analyzing AVAXUSDT...
  Analyzing XRPUSDT...
  No signals. Next scan in 5 menit.

[08:34:05] Scan #533 | Mode: scalping
Balance: $6.31 | PnL: $0.00
  Analyzing BTCUSDT...
  Analyzing ETHUSDT...
    ETHUSDT: Skip — ADX 11.0 < 20 (sideways)
  Analyzing SOLUSDT...
    SOLUSDT: Skip — ADX 7.6 < 20 (sideways)
  Analyzing BNBUSDT...
    BNBUSDT: Skip — ADX 13.2 < 20 (sideways)
  Analyzing SUIUSDT...
    SUIUSDT: Skip — ADX 9.0 < 20 (sideways)
  Analyzing AVAXUSDT...
  Analyzing XRPUSDT...
  No signals. Next scan in 5 menit.

[08:39:13] Scan #534 | Mode: scalping
Balance: $6.31 | PnL: $0.00
  Analyzing BTCUSDT...
  Analyzing ETHUSDT...
    ETHUSDT: Skip — ADX 11.0 < 20 (sideways)
  Analyzing SOLUSDT...
    SOLUSDT: Skip — ADX 7.9 < 20 (sideways)
  Analyzing BNBUSDT...
    BNBUSDT: Skip — ADX 13.2 < 20 (sideways)
  Analyzing SUIUSDT...
    SUIUSDT: Skip — ADX 9.0 < 20 (sideways)
  Analyzing AVAXUSDT...
  Analyzing XRPUSDT...
  No signals. Next scan in 5 menit.

[08:44:21] Scan #535 | Mode: scalping
Balance: $6.31 | PnL: $0.00
  Analyzing BTCUSDT...
  Analyzing ETHUSDT...
    ETHUSDT: Skip — ADX 11.0 < 20 (sideways)
  Analyzing SOLUSDT...
    SOLUSDT: Skip — ADX 8.1 < 20 (sideways)
  Analyzing BNBUSDT...
    BNBUSDT: Skip — ADX 13.2 < 20 (sideways)
  Analyzing SUIUSDT...
    SUIUSDT: Skip — ADX 9.0 < 20 (sideways)
  Analyzing AVAXUSDT...
  Analyzing XRPUSDT...
  No signals. Next scan in 5 menit.

[08:49:36] Scan #536 | Mode: scalping
Balance: $6.31 | PnL: $0.00
  Analyzing BTCUSDT...
  Analyzing ETHUSDT...
    ETHUSDT: Skip — ADX 11.7 < 20 (sideways)
  Analyzing SOLUSDT...
    SOLUSDT: Skip — ADX 7.8 < 20 (sideways)
  Analyzing BNBUSDT...
    BNBUSDT: Skip — ADX 15.7 < 20 (sideways)
  Analyzing SUIUSDT...
    SUIUSDT: Skip — ADX 8.6 < 20 (sideways)
  Analyzing AVAXUSDT...
  Analyzing XRPUSDT...
  No signals. Next scan in 5 menit.

[08:54:51] Scan #537 | Mode: scalping
Balance: $6.31 | PnL: $0.00
  Analyzing BTCUSDT...
  Analyzing ETHUSDT...
    ETHUSDT: Skip — ADX 10.3 < 20 (sideways)
  Analyzing SOLUSDT...
    SOLUSDT: Skip — ADX 8.3 < 20 (sideways)
  Analyzing BNBUSDT...
    BNBUSDT: Skip — ADX 14.8 < 20 (sideways)
  Analyzing SUIUSDT...
    SUIUSDT: Skip — ADX 8.2 < 20 (sideways)
  Analyzing AVAXUSDT...
  Analyzing XRPUSDT...
  No signals. Next scan in 5 menit.

[09:00:27] Scan #538 | Mode: scalping
Balance: $6.30 | PnL: $0.00
  Analyzing BTCUSDT...
  Analyzing ETHUSDT...
    ETHUSDT: Skip — ADX 9.1 < 20 (sideways)
  Analyzing SOLUSDT...
    SOLUSDT: Skip — ADX 8.7 < 20 (sideways)
  Analyzing BNBUSDT...
    BNBUSDT: Skip — ADX 16.2 < 20 (sideways)
  Analyzing SUIUSDT...
    SUIUSDT: Skip — ADX 8.2 < 20 (sideways)
  Analyzing AVAXUSDT...
    AVAXUSDT: Skip — HTF Neutral
  Analyzing XRPUSDT...
  No signals. Next scan in 5 menit.

[09:05:43] Scan #539 | Mode: scalping
Balance: $6.31 | PnL: $0.00
  Analyzing BTCUSDT...
  Analyzing ETHUSDT...
    ETHUSDT: Skip — ADX 9.6 < 20 (sideways)
  Analyzing SOLUSDT...
    SOLUSDT: Skip — ADX 9.2 < 20 (sideways)
  Analyzing BNBUSDT...
    BNBUSDT: Skip — ADX 15.6 < 20 (sideways)
  Analyzing SUIUSDT...
    SUIUSDT: Skip — ADX 8.6 < 20 (sideways)
  Analyzing AVAXUSDT...
    AVAXUSDT: Skip — HTF Neutral
  Analyzing XRPUSDT...
  No signals. Next scan in 5 menit.

[09:10:50] Scan #540 | Mode: scalping
Balance: $6.31 | PnL: $0.00
  Analyzing BTCUSDT...
  Analyzing ETHUSDT...
    ETHUSDT: Skip — ADX 9.8 < 20 (sideways)
  Analyzing SOLUSDT...
    SOLUSDT: Skip — ADX 9.2 < 20 (sideways)
  Analyzing BNBUSDT...
    BNBUSDT: Skip — ADX 15.5 < 20 (sideways)
  Analyzing SUIUSDT...
    SUIUSDT: Skip — ADX 8.7 < 20 (sideways)
  Analyzing AVAXUSDT...
    AVAXUSDT: Skip — HTF Neutral
  Analyzing XRPUSDT...
  No signals. Next scan in 5 menit.

[09:15:57] Scan #541 | Mode: scalping
Balance: $6.31 | PnL: $0.00
  Analyzing BTCUSDT...
  Analyzing ETHUSDT...
    ETHUSDT: Skip — ADX 9.1 < 20 (sideways)
  Analyzing SOLUSDT...
    SOLUSDT: Skip — ADX 9.2 < 20 (sideways)
  Analyzing BNBUSDT...
    BNBUSDT: Skip — ADX 15.8 < 20 (sideways)
  Analyzing SUIUSDT...
    SUIUSDT: Skip — ADX 8.5 < 20 (sideways)
  Analyzing AVAXUSDT...
    AVAXUSDT: Skip — HTF Neutral
  Analyzing XRPUSDT...
  No signals. Next scan in 5 menit.

[09:21:07] Scan #542 | Mode: scalping
Balance: $6.31 | PnL: $0.00
  Analyzing BTCUSDT...
  Analyzing ETHUSDT...
    ETHUSDT: Skip — ADX 9.1 < 20 (sideways)
  Analyzing SOLUSDT...
    SOLUSDT: Skip — ADX 9.2 < 20 (sideways)
  Analyzing BNBUSDT...
    BNBUSDT: Skip — ADX 15.8 < 20 (sideways)
  Analyzing SUIUSDT...
    SUIUSDT: Skip — ADX 8.6 < 20 (sideways)
  Analyzing AVAXUSDT...
    AVAXUSDT: Skip — HTF Neutral
  Analyzing XRPUSDT...
  No signals. Next scan in 5 menit.

[09:26:42] Scan #543 | Mode: scalping
Balance: $6.31 | PnL: $0.00
  Analyzing BTCUSDT...
  Analyzing ETHUSDT...
    ETHUSDT: Skip — ADX 9.4 < 20 (sideways)
  Analyzing SOLUSDT...
    SOLUSDT: Skip — ADX 9.4 < 20 (sideways)
  Analyzing BNBUSDT...
    BNBUSDT: Skip — ADX 15.8 < 20 (sideways)
  Analyzing SUIUSDT...
    SUIUSDT: Skip — ADX 8.6 < 20 (sideways)
  Analyzing AVAXUSDT...
    AVAXUSDT: Skip — HTF Neutral
  Analyzing XRPUSDT...
  No signals. Next scan in 5 menit.

[09:32:01] Scan #544 | Mode: scalping
Balance: $6.30 | PnL: $0.00
  Analyzing BTCUSDT...
  Analyzing ETHUSDT...
    ETHUSDT: Skip — ADX 9.3 < 20 (sideways)
  Analyzing SOLUSDT...
    SOLUSDT: Skip — ADX 9.6 < 20 (sideways)
  Analyzing BNBUSDT...
    BNBUSDT: Skip — ADX 16.8 < 20 (sideways)
  Analyzing SUIUSDT...
    SUIUSDT: Skip — ADX 8.9 < 20 (sideways)
  Analyzing AVAXUSDT...
    AVAXUSDT: Skip — HTF Neutral
  Analyzing XRPUSDT...
    XRPUSDT: Skip — ADX 19.2 < 20 (sideways)
  No signals. Next scan in 5 menit.

[09:37:08] Scan #545 | Mode: scalping
Balance: $6.30 | PnL: $0.00
  Analyzing BTCUSDT...
  Analyzing ETHUSDT...
    ETHUSDT: Skip — ADX 9.4 < 20 (sideways)
  Analyzing SOLUSDT...
    SOLUSDT: Skip — ADX 9.6 < 20 (sideways)
  Analyzing BNBUSDT...
    BNBUSDT: Skip — ADX 16.8 < 20 (sideways)
  Analyzing SUIUSDT...
    SUIUSDT: Skip — ADX 8.9 < 20 (sideways)
  Analyzing AVAXUSDT...
    AVAXUSDT: Skip — HTF Neutral
  Analyzing XRPUSDT...
    XRPUSDT: Skip — ADX 19.2 < 20 (sideways)
  No signals. Next scan in 5 menit.

[09:42:16] Scan #546 | Mode: scalping
Balance: $6.31 | PnL: $0.00
  Analyzing BTCUSDT...
  Analyzing ETHUSDT...
    ETHUSDT: Skip — ADX 9.4 < 20 (sideways)
  Analyzing SOLUSDT...
    SOLUSDT: Skip — ADX 9.6 < 20 (sideways)
  Analyzing BNBUSDT...
    BNBUSDT: Skip — ADX 16.8 < 20 (sideways)
  Analyzing SUIUSDT...
    SUIUSDT: Skip — ADX 8.9 < 20 (sideways)
  Analyzing AVAXUSDT...
    AVAXUSDT: Skip — HTF Neutral
  Analyzing XRPUSDT...
    XRPUSDT: Skip — ADX 19.1 < 20 (sideways)
  No signals. Next scan in 5 menit.

[09:47:24] Scan #547 | Mode: scalping
Balance: $6.31 | PnL: $0.00
  Analyzing BTCUSDT...
    BTCUSDT: Skip — ADX 17.9 < 20 (sideways)
  Analyzing ETHUSDT...
    ETHUSDT: Skip — ADX 9.8 < 20 (sideways)
  Analyzing SOLUSDT...
    SOLUSDT: Skip — ADX 9.8 < 20 (sideways)
  Analyzing BNBUSDT...
    BNBUSDT: Skip — ADX 17.7 < 20 (sideways)
  Analyzing SUIUSDT...
    SUIUSDT: Skip — ADX 9.3 < 20 (sideways)
  Analyzing AVAXUSDT...
    AVAXUSDT: Skip — HTF Neutral
  Analyzing XRPUSDT...
    XRPUSDT: Skip — ADX 16.2 < 20 (sideways)
  No signals. Next scan in 5 menit.

[09:52:31] Scan #548 | Mode: scalping
Balance: $6.31 | PnL: $0.00
  Analyzing BTCUSDT...
    BTCUSDT: Skip — ADX 17.9 < 20 (sideways)
  Analyzing ETHUSDT...
    ETHUSDT: Skip — ADX 9.8 < 20 (sideways)
  Analyzing SOLUSDT...
    SOLUSDT: Skip — ADX 9.8 < 20 (sideways)
  Analyzing BNBUSDT...
    BNBUSDT: Skip — ADX 17.2 < 20 (sideways)
  Analyzing SUIUSDT...
    SUIUSDT: Skip — ADX 9.1 < 20 (sideways)
  Analyzing AVAXUSDT...
    AVAXUSDT: Skip — HTF Neutral
  Analyzing XRPUSDT...
    XRPUSDT: Skip — ADX 16.2 < 20 (sideways)
  No signals. Next scan in 5 menit.

[09:57:39] Scan #549 | Mode: scalping
Balance: $6.30 | PnL: $0.00
  Analyzing BTCUSDT...
    BTCUSDT: Skip — ADX 17.9 < 20 (sideways)
  Analyzing ETHUSDT...
    ETHUSDT: Skip — ADX 9.8 < 20 (sideways)
  Analyzing SOLUSDT...
    SOLUSDT: Skip — ADX 9.8 < 20 (sideways)
  Analyzing BNBUSDT...
    BNBUSDT: Skip — ADX 17.0 < 20 (sideways)
  Analyzing SUIUSDT...
    SUIUSDT: Skip — ADX 9.1 < 20 (sideways)
  Analyzing AVAXUSDT...
    AVAXUSDT: Skip — HTF Neutral
  Analyzing XRPUSDT...
    XRPUSDT: Skip — ADX 16.2 < 20 (sideways)
  No signals. Next scan in 5 menit.

[10:02:57] Scan #550 | Mode: scalping
Balance: $6.31 | PnL: $0.00
  Analyzing BTCUSDT...
    BTCUSDT: Skip — ADX 16.1 < 20 (sideways)
  Analyzing ETHUSDT...
    ETHUSDT: Skip — ADX 10.7 < 20 (sideways)
  Analyzing SOLUSDT...
    SOLUSDT: Skip — HTF Neutral
  Analyzing BNBUSDT...
    BNBUSDT: Skip — ADX 17.5 < 20 (sideways)
  Analyzing SUIUSDT...
    SUIUSDT: Skip — ADX 9.1 < 20 (sideways)
  Analyzing AVAXUSDT...
    AVAXUSDT: Skip — HTF Neutral
  Analyzing XRPUSDT...
    XRPUSDT: Skip — ADX 15.1 < 20 (sideways)
  No signals. Next scan in 5 menit.

[10:08:04] Scan #551 | Mode: scalping
Balance: $6.31 | PnL: $0.00
  Analyzing BTCUSDT...
    BTCUSDT: Skip — ADX 16.1 < 20 (sideways)
  Analyzing ETHUSDT...
    ETHUSDT: Skip — ADX 10.7 < 20 (sideways)
  Analyzing SOLUSDT...
    SOLUSDT: Skip — ADX 9.6 < 20 (sideways)
  Analyzing BNBUSDT...
    BNBUSDT: Skip — ADX 17.5 < 20 (sideways)
  Analyzing SUIUSDT...
    SUIUSDT: Skip — ADX 9.1 < 20 (sideways)
  Analyzing AVAXUSDT...
    AVAXUSDT: Skip — HTF Neutral
  Analyzing XRPUSDT...
    XRPUSDT: Skip — ADX 15.1 < 20 (sideways)
  No signals. Next scan in 5 menit.

[10:13:13] Scan #552 | Mode: scalping
Balance: $6.31 | PnL: $0.00
  Analyzing BTCUSDT...
    BTCUSDT: Skip — ADX 16.1 < 20 (sideways)
  Analyzing ETHUSDT...
    ETHUSDT: Skip — ADX 10.7 < 20 (sideways)
  Analyzing SOLUSDT...
    SOLUSDT: Skip — ADX 9.6 < 20 (sideways)
  Analyzing BNBUSDT...
    BNBUSDT: Skip — ADX 17.5 < 20 (sideways)
  Analyzing SUIUSDT...
    SUIUSDT: Skip — ADX 9.1 < 20 (sideways)
  Analyzing AVAXUSDT...
    AVAXUSDT: Skip — HTF Neutral
  Analyzing XRPUSDT...
    XRPUSDT: Skip — ADX 15.1 < 20 (sideways)
  No signals. Next scan in 5 menit.

[10:18:48] Scan #553 | Mode: scalping
Balance: $6.31 | PnL: $0.00
  Analyzing BTCUSDT...
    BTCUSDT: Skip — ADX 14.0 < 20 (sideways)
  Analyzing ETHUSDT...
    ETHUSDT: Skip — ADX 11.0 < 20 (sideways)
  Analyzing SOLUSDT...
    SOLUSDT: Skip — HTF Neutral
  Analyzing BNBUSDT...
    BNBUSDT: Skip — ADX 17.0 < 20 (sideways)
  Analyzing SUIUSDT...
    SUIUSDT: Skip — HTF Neutral
  Analyzing AVAXUSDT...
    AVAXUSDT: Skip — HTF Neutral
  Analyzing XRPUSDT...
    XRPUSDT: Skip — ADX 13.1 < 20 (sideways)
  No signals. Next scan in 5 menit.

[10:23:56] Scan #554 | Mode: scalping
Balance: $6.31 | PnL: $0.00
  Analyzing BTCUSDT...
    BTCUSDT: Skip — ADX 14.0 < 20 (sideways)
  Analyzing ETHUSDT...
    ETHUSDT: Skip — ADX 11.0 < 20 (sideways)
  Analyzing SOLUSDT...
    SOLUSDT: Skip — ADX 8.1 < 20 (sideways)
  Analyzing BNBUSDT...
    BNBUSDT: Skip — ADX 17.0 < 20 (sideways)
  Analyzing SUIUSDT...
    SUIUSDT: Skip — HTF Neutral
  Analyzing AVAXUSDT...
    AVAXUSDT: Skip — HTF Neutral
  Analyzing XRPUSDT...
    XRPUSDT: Skip — ADX 13.2 < 20 (sideways)
  No signals. Next scan in 5 menit.

[10:29:03] Scan #555 | Mode: scalping
Balance: $6.31 | PnL: $0.00
  Analyzing BTCUSDT...
    BTCUSDT: Skip — ADX 13.8 < 20 (sideways)
  Analyzing ETHUSDT...
    ETHUSDT: Skip — ADX 11.0 < 20 (sideways)
  Analyzing SOLUSDT...
    SOLUSDT: Skip — ADX 8.6 < 20 (sideways)
  Analyzing BNBUSDT...
    BNBUSDT: Skip — ADX 17.5 < 20 (sideways)
  Analyzing SUIUSDT...
    SUIUSDT: Skip — ADX 7.8 < 20 (sideways)
  Analyzing AVAXUSDT...
    AVAXUSDT: Skip — HTF Neutral
  Analyzing XRPUSDT...
    XRPUSDT: Skip — ADX 12.8 < 20 (sideways)
  No signals. Next scan in 5 menit.

[10:34:11] Scan #556 | Mode: scalping
Balance: $6.31 | PnL: $0.00
  Analyzing BTCUSDT...
    BTCUSDT: Skip — ADX 11.5 < 20 (sideways)
  Analyzing ETHUSDT...
    ETHUSDT: Skip — ADX 12.3 < 20 (sideways)
  Analyzing SOLUSDT...
    SOLUSDT: Skip — ADX 8.8 < 20 (sideways)
  Analyzing BNBUSDT...
    BNBUSDT: Skip — ADX 16.8 < 20 (sideways)
  Analyzing SUIUSDT...
    SUIUSDT: Skip — ADX 8.5 < 20 (sideways)
  Analyzing AVAXUSDT...
    AVAXUSDT: Skip — HTF Neutral
  Analyzing XRPUSDT...
    XRPUSDT: Skip — ADX 12.5 < 20 (sideways)
  No signals. Next scan in 5 menit.

[10:39:20] Scan #557 | Mode: scalping
Balance: $6.31 | PnL: $0.00
  Analyzing BTCUSDT...
    BTCUSDT: Skip — ADX 11.5 < 20 (sideways)
  Analyzing ETHUSDT...
    ETHUSDT: Skip — ADX 12.3 < 20 (sideways)
  Analyzing SOLUSDT...
    SOLUSDT: Skip — HTF Neutral
  Analyzing BNBUSDT...
    BNBUSDT: Skip — ADX 16.8 < 20 (sideways)
  Analyzing SUIUSDT...
    SUIUSDT: Skip — ADX 8.5 < 20 (sideways)
  Analyzing AVAXUSDT...
    AVAXUSDT: Skip — HTF Neutral
  Analyzing XRPUSDT...
    XRPUSDT: Skip — ADX 12.5 < 20 (sideways)
  No signals. Next scan in 5 menit.

[10:44:29] Scan #558 | Mode: scalping
Balance: $6.31 | PnL: $0.00
  Analyzing BTCUSDT...
    BTCUSDT: Skip — ADX 9.4 < 20 (sideways)
  Analyzing ETHUSDT...
    ETHUSDT: Skip — ADX 12.9 < 20 (sideways)
  Analyzing SOLUSDT...
    SOLUSDT: Skip — HTF Neutral
  Analyzing BNBUSDT...
    BNBUSDT: Skip — ADX 16.4 < 20 (sideways)
  Analyzing SUIUSDT...
    SUIUSDT: Skip — ADX 8.6 < 20 (sideways)
  Analyzing AVAXUSDT...
    AVAXUSDT: Skip — HTF Neutral
  Analyzing XRPUSDT...
    XRPUSDT: Skip — ADX 11.6 < 20 (sideways)
  No signals. Next scan in 5 menit.

[10:50:07] Scan #559 | Mode: scalping
Balance: $6.31 | PnL: $0.00
  Analyzing BTCUSDT...
    BTCUSDT: Skip — ADX 9.4 < 20 (sideways)
  Analyzing ETHUSDT...
    ETHUSDT: Skip — ADX 12.7 < 20 (sideways)
  Analyzing SOLUSDT...
    SOLUSDT: Skip — ADX 8.2 < 20 (sideways)
  Analyzing BNBUSDT...
    BNBUSDT: Skip — ADX 16.4 < 20 (sideways)
  Analyzing SUIUSDT...
    SUIUSDT: Skip — ADX 8.6 < 20 (sideways)
  Analyzing AVAXUSDT...
    AVAXUSDT: Skip — HTF Neutral
  Analyzing XRPUSDT...
    XRPUSDT: Skip — ADX 11.6 < 20 (sideways)
  No signals. Next scan in 5 menit.

[10:55:43] Scan #560 | Mode: scalping
Balance: $6.31 | PnL: $0.00
  Analyzing BTCUSDT...
    BTCUSDT: Skip — ADX 9.4 < 20 (sideways)
  Analyzing ETHUSDT...
    ETHUSDT: Skip — ADX 12.2 < 20 (sideways)
  Analyzing SOLUSDT...
    SOLUSDT: Skip — ADX 8.2 < 20 (sideways)
  Analyzing BNBUSDT...
    BNBUSDT: Skip — ADX 16.0 < 20 (sideways)
  Analyzing SUIUSDT...
    SUIUSDT: Skip — ADX 8.3 < 20 (sideways)
  Analyzing AVAXUSDT...
    AVAXUSDT: Skip — HTF Neutral
  Analyzing XRPUSDT...
    XRPUSDT: Skip — ADX 11.2 < 20 (sideways)
  No signals. Next scan in 5 menit.

[11:01:02] Scan #561 | Mode: scalping
Balance: $6.31 | PnL: $0.00
  Analyzing BTCUSDT...
    BTCUSDT: Skip — ADX 9.2 < 20 (sideways)
  Analyzing ETHUSDT...
    ETHUSDT: Skip — ADX 12.1 < 20 (sideways)
  Analyzing SOLUSDT...
    SOLUSDT: Skip — ADX 7.4 < 20 (sideways)
  Analyzing BNBUSDT...
    BNBUSDT: Skip — ADX 16.3 < 20 (sideways)
  Analyzing SUIUSDT...
    SUIUSDT: Skip — ADX 8.6 < 20 (sideways)
  Analyzing AVAXUSDT...
    AVAXUSDT: Skip — HTF Neutral
  Analyzing XRPUSDT...
    XRPUSDT: Skip — ADX 11.2 < 20 (sideways)
  No signals. Next scan in 5 menit.

[11:06:12] Scan #562 | Mode: scalping
Balance: $6.31 | PnL: $0.00
  Analyzing BTCUSDT...
    BTCUSDT: Skip — ADX 9.1 < 20 (sideways)
  Analyzing ETHUSDT...
    ETHUSDT: Skip — ADX 12.0 < 20 (sideways)
  Analyzing SOLUSDT...
    SOLUSDT: Skip — ADX 7.4 < 20 (sideways)
  Analyzing BNBUSDT...
    BNBUSDT: Skip — ADX 16.0 < 20 (sideways)
  Analyzing SUIUSDT...
    SUIUSDT: Skip — ADX 8.6 < 20 (sideways)
  Analyzing AVAXUSDT...
    AVAXUSDT: Skip — HTF Neutral
  Analyzing XRPUSDT...
    XRPUSDT: Skip — ADX 11.1 < 20 (sideways)
  No signals. Next scan in 5 menit.

[11:11:20] Scan #563 | Mode: scalping
Balance: $6.31 | PnL: $0.00
  Analyzing BTCUSDT...
    BTCUSDT: Skip — ADX 9.1 < 20 (sideways)
  Analyzing ETHUSDT...
    ETHUSDT: Skip — ADX 12.0 < 20 (sideways)
  Analyzing SOLUSDT...
    SOLUSDT: Skip — ADX 7.4 < 20 (sideways)
  Analyzing BNBUSDT...
    BNBUSDT: Skip — ADX 16.0 < 20 (sideways)
  Analyzing SUIUSDT...
    SUIUSDT: Skip — ADX 8.6 < 20 (sideways)
  Analyzing AVAXUSDT...
    AVAXUSDT: Skip — HTF Neutral
  Analyzing XRPUSDT...
    XRPUSDT: Skip — ADX 10.8 < 20 (sideways)
  No signals. Next scan in 5 menit.

[11:16:28] Scan #564 | Mode: scalping
Balance: $6.31 | PnL: $0.00
  Analyzing BTCUSDT...
    BTCUSDT: Skip — ADX 10.1 < 20 (sideways)
  Analyzing ETHUSDT...
    ETHUSDT: Skip — ADX 14.0 < 20 (sideways)
  Analyzing SOLUSDT...
    SOLUSDT: Skip — ADX 8.6 < 20 (sideways)
  Analyzing BNBUSDT...
    BNBUSDT: Skip — ADX 16.4 < 20 (sideways)
  Analyzing SUIUSDT...
    SUIUSDT: Skip — ADX 11.7 < 20 (sideways)
  Analyzing AVAXUSDT...
    AVAXUSDT: Skip — HTF Neutral
  Analyzing XRPUSDT...
    XRPUSDT: Skip — ADX 11.9 < 20 (sideways)
  No signals. Next scan in 5 menit.

[11:21:36] Scan #565 | Mode: scalping
Balance: $6.31 | PnL: $0.00
  Analyzing BTCUSDT...
    BTCUSDT: Skip — ADX 10.1 < 20 (sideways)
  Analyzing ETHUSDT...
    ETHUSDT: Skip — ADX 14.2 < 20 (sideways)
  Analyzing SOLUSDT...
    SOLUSDT: Skip — ADX 8.9 < 20 (sideways)
  Analyzing BNBUSDT...
    BNBUSDT: Skip — ADX 16.5 < 20 (sideways)
  Analyzing SUIUSDT...
    SUIUSDT: Skip — ADX 11.7 < 20 (sideways)
  Analyzing AVAXUSDT...
    AVAXUSDT: Skip — HTF Neutral
  Analyzing XRPUSDT...
    XRPUSDT: Skip — ADX 11.9 < 20 (sideways)
  No signals. Next scan in 5 menit.

[11:26:46] Scan #566 | Mode: scalping
Balance: $6.31 | PnL: $0.00
  Analyzing BTCUSDT...
    BTCUSDT: Skip — ADX 10.1 < 20 (sideways)
  Analyzing ETHUSDT...
    ETHUSDT: Skip — ADX 14.3 < 20 (sideways)
  Analyzing SOLUSDT...
    SOLUSDT: Skip — ADX 9.0 < 20 (sideways)
  Analyzing BNBUSDT...
    BNBUSDT: Skip — ADX 16.5 < 20 (sideways)
  Analyzing SUIUSDT...
    SUIUSDT: Skip — ADX 11.7 < 20 (sideways)
  Analyzing AVAXUSDT...
    AVAXUSDT: Skip — HTF Neutral
  Analyzing XRPUSDT...
    XRPUSDT: Skip — ADX 11.9 < 20 (sideways)
  No signals. Next scan in 5 menit.

[11:31:54] Scan #567 | Mode: scalping
Balance: $6.31 | PnL: $0.00
  Analyzing BTCUSDT...
    BTCUSDT: Skip — ADX 11.6 < 20 (sideways)
  Analyzing ETHUSDT...
    ETHUSDT: Skip — ADX 16.5 < 20 (sideways)
  Analyzing SOLUSDT...
    SOLUSDT: Skip — ADX 10.3 < 20 (sideways)
  Analyzing BNBUSDT...
    BNBUSDT: Skip — ADX 16.6 < 20 (sideways)
  Analyzing SUIUSDT...
    SUIUSDT: Skip — ADX 14.3 < 20 (sideways)
  Analyzing AVAXUSDT...
    AVAXUSDT: Skip — HTF Neutral
  Analyzing XRPUSDT...
    XRPUSDT: Skip — ADX 14.0 < 20 (sideways)
  No signals. Next scan in 5 menit.

[11:37:03] Scan #568 | Mode: scalping
Balance: $6.31 | PnL: $0.00
  Analyzing BTCUSDT...
    BTCUSDT: Skip — ADX 11.4 < 20 (sideways)
  Analyzing ETHUSDT...
    ETHUSDT: Skip — ADX 16.5 < 20 (sideways)
  Analyzing SOLUSDT...
    SOLUSDT: Skip — ADX 10.1 < 20 (sideways)
  Analyzing BNBUSDT...
    BNBUSDT: Skip — ADX 16.2 < 20 (sideways)
  Analyzing SUIUSDT...
    SUIUSDT: Skip — ADX 13.9 < 20 (sideways)
  Analyzing AVAXUSDT...
    AVAXUSDT: Skip — ADX 16.1 < 20 (sideways)
  Analyzing XRPUSDT...
    XRPUSDT: Skip — ADX 13.8 < 20 (sideways)
  No signals. Next scan in 5 menit.

[11:42:23] Scan #569 | Mode: scalping
Balance: $6.31 | PnL: $0.00
  Analyzing BTCUSDT...
    BTCUSDT: Skip — ADX 11.3 < 20 (sideways)
  Analyzing ETHUSDT...
    ETHUSDT: Skip — ADX 16.5 < 20 (sideways)
  Analyzing SOLUSDT...
    SOLUSDT: Skip — ADX 10.1 < 20 (sideways)
  Analyzing BNBUSDT...
    BNBUSDT: Skip — ADX 16.2 < 20 (sideways)
  Analyzing SUIUSDT...
    SUIUSDT: Skip — ADX 13.9 < 20 (sideways)
  Analyzing AVAXUSDT...
    AVAXUSDT: Skip — HTF Neutral
  Analyzing XRPUSDT...
    XRPUSDT: Skip — ADX 13.8 < 20 (sideways)
  No signals. Next scan in 5 menit.

[11:47:34] Scan #570 | Mode: scalping
Balance: $6.31 | PnL: $0.00
  Analyzing BTCUSDT...
    BTCUSDT: Skip — ADX 12.7 < 20 (sideways)
  Analyzing ETHUSDT...
    ETHUSDT: Skip — ADX 18.6 < 20 (sideways)
  Analyzing SOLUSDT...
    SOLUSDT: Skip — ADX 10.7 < 20 (sideways)
  Analyzing BNBUSDT...
    BNBUSDT: Skip — ADX 16.3 < 20 (sideways)
  Analyzing SUIUSDT...
    SUIUSDT: Skip — ADX 16.4 < 20 (sideways)
  Analyzing AVAXUSDT...
    AVAXUSDT: Skip — ADX 15.2 < 20 (sideways)
  Analyzing XRPUSDT...
    XRPUSDT: Skip — ADX 16.1 < 20 (sideways)
  No signals. Next scan in 5 menit.

[11:52:43] Scan #571 | Mode: scalping
Balance: $6.31 | PnL: $0.00
  Analyzing BTCUSDT...
    BTCUSDT: Skip — ADX 12.0 < 20 (sideways)
  Analyzing ETHUSDT...
    ETHUSDT: Skip — ADX 17.6 < 20 (sideways)
  Analyzing SOLUSDT...
    SOLUSDT: Skip — ADX 9.8 < 20 (sideways)
  Analyzing BNBUSDT...
    BNBUSDT: Skip — ADX 15.7 < 20 (sideways)
  Analyzing SUIUSDT...
    SUIUSDT: Skip — ADX 15.8 < 20 (sideways)
  Analyzing AVAXUSDT...
    AVAXUSDT: Skip — ADX 15.2 < 20 (sideways)
  Analyzing XRPUSDT...
    XRPUSDT: Skip — ADX 14.9 < 20 (sideways)
  No signals. Next scan in 5 menit.

[11:57:51] Scan #572 | Mode: scalping
Balance: $6.31 | PnL: $0.00
  Analyzing BTCUSDT...
    BTCUSDT: Skip — ADX 11.9 < 20 (sideways)
  Analyzing ETHUSDT...
    ETHUSDT: Skip — ADX 17.6 < 20 (sideways)
  Analyzing SOLUSDT...
    SOLUSDT: Skip — ADX 9.8 < 20 (sideways)
  Analyzing BNBUSDT...
    BNBUSDT: Skip — ADX 15.7 < 20 (sideways)
  Analyzing SUIUSDT...
    SUIUSDT: Skip — ADX 15.5 < 20 (sideways)
  Analyzing AVAXUSDT...
    AVAXUSDT: Skip — ADX 14.8 < 20 (sideways)
  Analyzing XRPUSDT...
    XRPUSDT: Skip — ADX 14.9 < 20 (sideways)
  No signals. Next scan in 5 menit.

[12:03:00] Scan #573 | Mode: scalping
Balance: $6.31 | PnL: $0.00
  Analyzing BTCUSDT...
    BTCUSDT: Skip — ADX 13.1 < 20 (sideways)
  Analyzing ETHUSDT...
    ETHUSDT: Skip — ADX 19.0 < 20 (sideways)
  Analyzing SOLUSDT...
    SOLUSDT: Skip — ADX 9.4 < 20 (sideways)
  Analyzing BNBUSDT...
    BNBUSDT: Skip — ADX 16.1 < 20 (sideways)
  Analyzing SUIUSDT...
    SUIUSDT: Skip — ADX 17.1 < 20 (sideways)
  Analyzing AVAXUSDT...
    AVAXUSDT: Skip — ADX 15.1 < 20 (sideways)
  Analyzing XRPUSDT...
    XRPUSDT: Skip — ADX 14.3 < 20 (sideways)
  No signals. Next scan in 5 menit.

[12:08:36] Scan #574 | Mode: scalping
Balance: $6.30 | PnL: $0.00
  Analyzing BTCUSDT...
    BTCUSDT: Skip — ADX 12.0 < 20 (sideways)
  Analyzing ETHUSDT...
    ETHUSDT: Skip — ADX 18.2 < 20 (sideways)
  Analyzing SOLUSDT...
    SOLUSDT: Skip — ADX 10.2 < 20 (sideways)
  Analyzing BNBUSDT...
    BNBUSDT: Skip — ADX 14.6 < 20 (sideways)
  Analyzing SUIUSDT...
    SUIUSDT: Skip — ADX 15.6 < 20 (sideways)
  Analyzing AVAXUSDT...
    AVAXUSDT: Skip — ADX 13.3 < 20 (sideways)
  Analyzing XRPUSDT...
    XRPUSDT: Skip — ADX 14.6 < 20 (sideways)
  No signals. Next scan in 5 menit.

[12:14:13] Scan #575 | Mode: scalping
Balance: $6.31 | PnL: $0.00
  Analyzing BTCUSDT...
    BTCUSDT: Skip — ADX 11.8 < 20 (sideways)
  Analyzing ETHUSDT...
    ETHUSDT: Skip — ADX 18.2 < 20 (sideways)
  Analyzing SOLUSDT...
    SOLUSDT: Skip — ADX 10.2 < 20 (sideways)
  Analyzing BNBUSDT...
    BNBUSDT: Skip — ADX 14.6 < 20 (sideways)
  Analyzing SUIUSDT...
    SUIUSDT: Skip — ADX 15.6 < 20 (sideways)
  Analyzing AVAXUSDT...
    AVAXUSDT: Skip — ADX 13.3 < 20 (sideways)
  Analyzing XRPUSDT...
    XRPUSDT: Skip — ADX 14.9 < 20 (sideways)
  No signals. Next scan in 5 menit.

[12:19:32] Scan #576 | Mode: scalping
Balance: $6.31 | PnL: $0.00
  Analyzing BTCUSDT...
    BTCUSDT: Skip — ADX 11.6 < 20 (sideways)
  Analyzing ETHUSDT...
    ETHUSDT: Skip — ADX 18.2 < 20 (sideways)
  Analyzing SOLUSDT...
    SOLUSDT: Skip — ADX 11.5 < 20 (sideways)
  Analyzing BNBUSDT...
    BNBUSDT: Skip — ADX 14.0 < 20 (sideways)
  Analyzing SUIUSDT...
    SUIUSDT: Skip — ADX 16.0 < 20 (sideways)
  Analyzing AVAXUSDT...
    AVAXUSDT: Skip — ADX 12.1 < 20 (sideways)
  Analyzing XRPUSDT...
    XRPUSDT: Skip — ADX 16.4 < 20 (sideways)
  No signals. Next scan in 5 menit.

[12:24:40] Scan #577 | Mode: scalping
Balance: $6.31 | PnL: $0.00
  Analyzing BTCUSDT...
    BTCUSDT: Skip — ADX 11.6 < 20 (sideways)
  Analyzing ETHUSDT...
    ETHUSDT: Skip — ADX 18.2 < 20 (sideways)
  Analyzing SOLUSDT...
    SOLUSDT: Skip — ADX 11.5 < 20 (sideways)
  Analyzing BNBUSDT...
    BNBUSDT: Skip — ADX 14.1 < 20 (sideways)
  Analyzing SUIUSDT...
    SUIUSDT: Skip — ADX 16.0 < 20 (sideways)
  Analyzing AVAXUSDT...
    AVAXUSDT: Skip — ADX 12.1 < 20 (sideways)
  Analyzing XRPUSDT...
    XRPUSDT: Skip — ADX 16.4 < 20 (sideways)
  No signals. Next scan in 5 menit.

[12:29:49] Scan #578 | Mode: scalping
Balance: $6.31 | PnL: $0.00
  Analyzing BTCUSDT...
    BTCUSDT: Skip — ADX 11.5 < 20 (sideways)
  Analyzing ETHUSDT...
    ETHUSDT: Skip — ADX 18.2 < 20 (sideways)
  Analyzing SOLUSDT...
    SOLUSDT: Skip — ADX 11.5 < 20 (sideways)
  Analyzing BNBUSDT...
    BNBUSDT: Skip — ADX 14.1 < 20 (sideways)
  Analyzing SUIUSDT...
    SUIUSDT: Skip — ADX 16.0 < 20 (sideways)
  Analyzing AVAXUSDT...
    AVAXUSDT: Skip — ADX 12.1 < 20 (sideways)
  Analyzing XRPUSDT...
    XRPUSDT: Skip — ADX 16.4 < 20 (sideways)
  No signals. Next scan in 5 menit.

[12:34:58] Scan #579 | Mode: scalping
Balance: $6.31 | PnL: $0.00
  Analyzing BTCUSDT...
    BTCUSDT: Skip — ADX 12.4 < 20 (sideways)
  Analyzing ETHUSDT...
    ETHUSDT: Skip — ADX 18.2 < 20 (sideways)
  Analyzing SOLUSDT...
    SOLUSDT: Skip — ADX 13.4 < 20 (sideways)
  Analyzing BNBUSDT...
    BNBUSDT: Skip — ADX 15.9 < 20 (sideways)
  Analyzing SUIUSDT...
    SUIUSDT: Skip — ADX 17.3 < 20 (sideways)
  Analyzing AVAXUSDT...
    AVAXUSDT: Skip — ADX 12.2 < 20 (sideways)
  Analyzing XRPUSDT...
    XRPUSDT: Skip — ADX 18.3 < 20 (sideways)
  No signals. Next scan in 5 menit.

[12:40:08] Scan #580 | Mode: scalping
Balance: $6.31 | PnL: $0.00
  Analyzing BTCUSDT...
    BTCUSDT: Skip — ADX 12.4 < 20 (sideways)
  Analyzing ETHUSDT...
    ETHUSDT: Skip — ADX 18.2 < 20 (sideways)
  Analyzing SOLUSDT...
    SOLUSDT: Skip — ADX 13.4 < 20 (sideways)
  Analyzing BNBUSDT...
    BNBUSDT: Skip — ADX 15.9 < 20 (sideways)
  Analyzing SUIUSDT...
    SUIUSDT: Skip — ADX 17.3 < 20 (sideways)
  Analyzing AVAXUSDT...
    AVAXUSDT: Skip — ADX 12.2 < 20 (sideways)
  Analyzing XRPUSDT...
    XRPUSDT: Skip — ADX 18.4 < 20 (sideways)
  No signals. Next scan in 5 menit.

[12:45:27] Scan #581 | Mode: scalping
Balance: $6.31 | PnL: $0.00
  Analyzing BTCUSDT...
    BTCUSDT: Skip — ADX 13.1 < 20 (sideways)
  Analyzing ETHUSDT...
    ETHUSDT: Skip — ADX 18.2 < 20 (sideways)
  Analyzing SOLUSDT...
    SOLUSDT: Skip — ADX 15.4 < 20 (sideways)
  Analyzing BNBUSDT...
    BNBUSDT: Skip — ADX 16.9 < 20 (sideways)
  Analyzing SUIUSDT...
    SUIUSDT: Skip — ADX 18.9 < 20 (sideways)
  Analyzing AVAXUSDT...
    AVAXUSDT: Skip — ADX 12.6 < 20 (sideways)
  Analyzing XRPUSDT...
  No signals. Next scan in 5 menit.

[12:50:35] Scan #582 | Mode: scalping
Balance: $6.31 | PnL: $0.00
  Analyzing BTCUSDT...
    BTCUSDT: Skip — ADX 12.8 < 20 (sideways)
  Analyzing ETHUSDT...
    ETHUSDT: Skip — ADX 18.0 < 20 (sideways)
  Analyzing SOLUSDT...
    SOLUSDT: Skip — ADX 15.4 < 20 (sideways)
  Analyzing BNBUSDT...
    BNBUSDT: Skip — ADX 16.7 < 20 (sideways)
  Analyzing SUIUSDT...
    SUIUSDT: Skip — ADX 18.9 < 20 (sideways)
  Analyzing AVAXUSDT...
    AVAXUSDT: Skip — ADX 12.6 < 20 (sideways)
  Analyzing XRPUSDT...
  No signals. Next scan in 5 menit.

[12:55:43] Scan #583 | Mode: scalping
Balance: $6.31 | PnL: $0.00
  Analyzing BTCUSDT...
    BTCUSDT: Skip — ADX 12.8 < 20 (sideways)
  Analyzing ETHUSDT...
    ETHUSDT: Skip — ADX 17.9 < 20 (sideways)
  Analyzing SOLUSDT...
    SOLUSDT: Skip — ADX 15.4 < 20 (sideways)
  Analyzing BNBUSDT...
    BNBUSDT: Skip — ADX 16.4 < 20 (sideways)
  Analyzing SUIUSDT...
    SUIUSDT: Skip — ADX 18.7 < 20 (sideways)
  Analyzing AVAXUSDT...
    AVAXUSDT: Skip — ADX 12.6 < 20 (sideways)
  Analyzing XRPUSDT...
  No signals. Next scan in 5 menit.

[13:00:57] Scan #584 | Mode: scalping
Balance: $6.31 | PnL: $0.00
  Analyzing BTCUSDT...
    BTCUSDT: Skip — ADX 14.9 < 20 (sideways)
  Analyzing ETHUSDT...
    ETHUSDT: Skip — ADX 18.3 < 20 (sideways)
  Analyzing SOLUSDT...
    SOLUSDT: Skip — ADX 18.2 < 20 (sideways)
  Analyzing BNBUSDT...
    BNBUSDT: Skip — ADX 16.1 < 20 (sideways)
  Analyzing SUIUSDT...
  Analyzing AVAXUSDT...
    AVAXUSDT: Skip — ADX 14.3 < 20 (sideways)
  Analyzing XRPUSDT...
  No signals. Next scan in 5 menit.

[13:06:12] Scan #585 | Mode: scalping
Balance: $6.31 | PnL: $0.00
  Analyzing BTCUSDT...
    BTCUSDT: Skip — ADX 14.2 < 20 (sideways)
  Analyzing ETHUSDT...
    ETHUSDT: Skip — ADX 17.6 < 20 (sideways)
  Analyzing SOLUSDT...
    SOLUSDT: Skip — ADX 18.0 < 20 (sideways)
  Analyzing BNBUSDT...
    BNBUSDT: Skip — ADX 15.9 < 20 (sideways)
  Analyzing SUIUSDT...
  Analyzing AVAXUSDT...
    AVAXUSDT: Skip — ADX 13.3 < 20 (sideways)
  Analyzing XRPUSDT...
  No signals. Next scan in 5 menit.

[13:11:30] Scan #586 | Mode: scalping
Balance: $6.31 | PnL: $0.00
  Analyzing BTCUSDT...
    BTCUSDT: Skip — ADX 14.2 < 20 (sideways)
  Analyzing ETHUSDT...
    ETHUSDT: Skip — ADX 17.6 < 20 (sideways)
  Analyzing SOLUSDT...
    SOLUSDT: Skip — ADX 18.0 < 20 (sideways)
  Analyzing BNBUSDT...
    BNBUSDT: Skip — ADX 15.9 < 20 (sideways)
  Analyzing SUIUSDT...
  Analyzing AVAXUSDT...
    AVAXUSDT: Skip — ADX 13.3 < 20 (sideways)
  Analyzing XRPUSDT...
  No signals. Next scan in 5 menit.

[13:16:38] Scan #587 | Mode: scalping
Balance: $6.31 | PnL: $0.00
  Analyzing BTCUSDT...
    BTCUSDT: Skip — ADX 15.4 < 20 (sideways)
  Analyzing ETHUSDT...
    ETHUSDT: Skip — ADX 17.3 < 20 (sideways)
  Analyzing SOLUSDT...
    SOLUSDT: Skip — ADX 18.9 < 20 (sideways)
  Analyzing BNBUSDT...
    BNBUSDT: Skip — ADX 16.6 < 20 (sideways)
  Analyzing SUIUSDT...
  Analyzing AVAXUSDT...
    AVAXUSDT: Skip — ADX 15.3 < 20 (sideways)
  Analyzing XRPUSDT...
  No signals. Next scan in 5 menit.

[13:21:45] Scan #588 | Mode: scalping
Balance: $6.31 | PnL: $0.00
  Analyzing BTCUSDT...
    BTCUSDT: Skip — ADX 15.0 < 20 (sideways)
  Analyzing ETHUSDT...
    ETHUSDT: Skip — ADX 17.1 < 20 (sideways)
  Analyzing SOLUSDT...
    SOLUSDT: Skip — ADX 18.5 < 20 (sideways)
  Analyzing BNBUSDT...
    BNBUSDT: Skip — ADX 16.3 < 20 (sideways)
  Analyzing SUIUSDT...
  Analyzing AVAXUSDT...
    AVAXUSDT: Skip — ADX 14.0 < 20 (sideways)
  Analyzing XRPUSDT...
  No signals. Next scan in 5 menit.

[13:26:53] Scan #589 | Mode: scalping
Balance: $6.31 | PnL: $0.00
  Analyzing BTCUSDT...
    BTCUSDT: Skip — ADX 15.0 < 20 (sideways)
  Analyzing ETHUSDT...
    ETHUSDT: Skip — ADX 17.1 < 20 (sideways)
  Analyzing SOLUSDT...
    SOLUSDT: Skip — ADX 17.2 < 20 (sideways)
  Analyzing BNBUSDT...
    BNBUSDT: Skip — ADX 16.3 < 20 (sideways)
  Analyzing SUIUSDT...
  Analyzing AVAXUSDT...
    AVAXUSDT: Skip — ADX 13.6 < 20 (sideways)
  Analyzing XRPUSDT...
  No signals. Next scan in 5 menit.

[13:32:12] Scan #590 | Mode: scalping
Balance: $6.30 | PnL: $0.00
  Analyzing BTCUSDT...
    BTCUSDT: Skip — ADX 18.5 < 20 (sideways)
  Analyzing ETHUSDT...
    ETHUSDT: Skip — ADX 18.8 < 20 (sideways)
  Analyzing SOLUSDT...
    SOLUSDT: Skip — ADX 19.0 < 20 (sideways)
  Analyzing BNBUSDT...
    BNBUSDT: Skip — ADX 19.0 < 20 (sideways)
  Analyzing SUIUSDT...
  Analyzing AVAXUSDT...
    AVAXUSDT: Skip — ADX 14.3 < 20 (sideways)
  Analyzing XRPUSDT...
  No signals. Next scan in 5 menit.

[13:37:20] Scan #591 | Mode: scalping
Balance: $6.31 | PnL: $0.00
  Analyzing BTCUSDT...
    BTCUSDT: Skip — ADX 19.1 < 20 (sideways)
  Analyzing ETHUSDT...
    ETHUSDT: Skip — ADX 20.0 < 20 (sideways)
  Analyzing SOLUSDT...
    SOLUSDT: Skip — ADX 19.8 < 20 (sideways)
  Analyzing BNBUSDT...
    BNBUSDT: Skip — ADX 19.5 < 20 (sideways)
  Analyzing SUIUSDT...
  Analyzing AVAXUSDT...
    AVAXUSDT: Skip — ADX 14.8 < 20 (sideways)
  Analyzing XRPUSDT...
  No signals. Next scan in 5 menit.

[13:42:29] Scan #592 | Mode: scalping
Balance: $6.31 | PnL: $0.00
  Analyzing BTCUSDT...
    BTCUSDT: Skip — ADX 19.1 < 20 (sideways)
  Analyzing ETHUSDT...
    ETHUSDT: Skip — ADX 20.0 < 20 (sideways)
  Analyzing SOLUSDT...
    SOLUSDT: Skip — ADX 19.8 < 20 (sideways)
  Analyzing BNBUSDT...
    BNBUSDT: Skip — ADX 19.5 < 20 (sideways)
  Analyzing SUIUSDT...
  Analyzing AVAXUSDT...
    AVAXUSDT: Skip — ADX 14.8 < 20 (sideways)
  Analyzing XRPUSDT...
  No signals. Next scan in 5 menit.

[13:48:05] Scan #593 | Mode: scalping
Balance: $6.31 | PnL: $0.00
  Analyzing BTCUSDT...
  Analyzing ETHUSDT...
  Analyzing SOLUSDT...
  Analyzing BNBUSDT...
  Analyzing SUIUSDT...
  Analyzing AVAXUSDT...
    AVAXUSDT: Skip — ADX 16.3 < 20 (sideways)
  Analyzing XRPUSDT...
  No signals. Next scan in 5 menit.

[13:53:20] Scan #594 | Mode: scalping
Balance: $6.31 | PnL: $0.00
  Analyzing BTCUSDT...
  Analyzing ETHUSDT...
  Analyzing SOLUSDT...
  Analyzing BNBUSDT...
  Analyzing SUIUSDT...
  Analyzing AVAXUSDT...
    AVAXUSDT: Skip — ADX 16.3 < 20 (sideways)
  Analyzing XRPUSDT...
  No signals. Next scan in 5 menit.

[13:58:40] Scan #595 | Mode: scalping
Balance: $6.31 | PnL: $0.00
  Analyzing BTCUSDT...
  Analyzing ETHUSDT...
  Analyzing SOLUSDT...
  Analyzing BNBUSDT...
  Analyzing SUIUSDT...
  Analyzing AVAXUSDT...
    AVAXUSDT: Skip — ADX 16.3 < 20 (sideways)
  Analyzing XRPUSDT...
  No signals. Next scan in 5 menit.

[14:03:47] Scan #596 | Mode: scalping
Balance: $6.31 | PnL: $0.00
  Analyzing BTCUSDT...
  Analyzing ETHUSDT...
  Analyzing SOLUSDT...
  Analyzing BNBUSDT...
  Analyzing SUIUSDT...
  Analyzing AVAXUSDT...
    AVAXUSDT: Skip — HTF Neutral
  Analyzing XRPUSDT...
  No signals. Next scan in 5 menit.

[14:08:55] Scan #597 | Mode: scalping
Balance: $6.31 | PnL: $0.00
  Analyzing BTCUSDT...
  Analyzing ETHUSDT...
  Analyzing SOLUSDT...
  Analyzing BNBUSDT...
  Analyzing SUIUSDT...
  Analyzing AVAXUSDT...
    AVAXUSDT: Skip — ADX 16.6 < 20 (sideways)
  Analyzing XRPUSDT...
  No signals. Next scan in 5 menit.

[14:14:03] Scan #598 | Mode: scalping
Balance: $6.31 | PnL: $0.00
  Analyzing BTCUSDT...
  Analyzing ETHUSDT...
  Analyzing SOLUSDT...
  Analyzing BNBUSDT...
  Analyzing SUIUSDT...
  Analyzing AVAXUSDT...
    AVAXUSDT: Skip — ADX 16.6 < 20 (sideways)
  Analyzing XRPUSDT...
  No signals. Next scan in 5 menit.

[14:19:10] Scan #599 | Mode: scalping
Balance: $6.31 | PnL: $0.00
  Analyzing BTCUSDT...
  Analyzing ETHUSDT...
  Analyzing SOLUSDT...
  Analyzing BNBUSDT...
  Analyzing SUIUSDT...
  Analyzing AVAXUSDT...
    AVAXUSDT: Skip — ADX 16.9 < 20 (sideways)
  Analyzing XRPUSDT...
  No signals. Next scan in 5 menit.

[14:24:18] Scan #600 | Mode: scalping
Balance: $6.31 | PnL: $0.00
  Analyzing BTCUSDT...
  Analyzing ETHUSDT...
  Analyzing SOLUSDT...
  Analyzing BNBUSDT...
  Analyzing SUIUSDT...
  Analyzing AVAXUSDT...
    AVAXUSDT: Skip — ADX 16.3 < 20 (sideways)
  Analyzing XRPUSDT...
  No signals. Next scan in 5 menit.

[14:29:26] Scan #601 | Mode: scalping
Balance: $6.31 | PnL: $0.00
  Analyzing BTCUSDT...
  Analyzing ETHUSDT...
  Analyzing SOLUSDT...
  Analyzing BNBUSDT...
  Analyzing SUIUSDT...
  Analyzing AVAXUSDT...
    AVAXUSDT: Skip — ADX 16.8 < 20 (sideways)
  Analyzing XRPUSDT...
  No signals. Next scan in 5 menit.

[14:34:34] Scan #602 | Mode: scalping
Balance: $6.31 | PnL: $0.00
  Analyzing BTCUSDT...
  Analyzing ETHUSDT...
  Analyzing SOLUSDT...
  Analyzing BNBUSDT...
  Analyzing SUIUSDT...
  Analyzing AVAXUSDT...
    AVAXUSDT: Skip — ADX 17.4 < 20 (sideways)
  Analyzing XRPUSDT...
  No signals. Next scan in 5 menit.

[14:39:42] Scan #603 | Mode: scalping
Balance: $6.31 | PnL: $0.00
  Analyzing BTCUSDT...
  Analyzing ETHUSDT...
  Analyzing SOLUSDT...
  Analyzing BNBUSDT...
  Analyzing SUIUSDT...
  Analyzing AVAXUSDT...
    AVAXUSDT: Skip — ADX 17.4 < 20 (sideways)
  Analyzing XRPUSDT...
  No signals. Next scan in 5 menit.

[14:44:50] Scan #604 | Mode: scalping
Balance: $6.31 | PnL: $0.00
  Analyzing BTCUSDT...
  Analyzing ETHUSDT...
  Analyzing SOLUSDT...
  Analyzing BNBUSDT...
  Analyzing SUIUSDT...
  Analyzing AVAXUSDT...
    AVAXUSDT: Skip — ADX 17.6 < 20 (sideways)
  Analyzing XRPUSDT...
  No signals. Next scan in 5 menit.

[14:49:58] Scan #605 | Mode: scalping
Balance: $6.31 | PnL: $0.00
  Analyzing BTCUSDT...
  Analyzing ETHUSDT...
  Analyzing SOLUSDT...
  Analyzing BNBUSDT...
  Analyzing SUIUSDT...
  Analyzing AVAXUSDT...
    AVAXUSDT: Skip — ADX 17.4 < 20 (sideways)
  Analyzing XRPUSDT...
  No signals. Next scan in 5 menit.

[14:55:08] Scan #606 | Mode: scalping
Balance: $6.31 | PnL: $0.00
  Analyzing BTCUSDT...
  Analyzing ETHUSDT...
  Analyzing SOLUSDT...
  Analyzing BNBUSDT...
  Analyzing SUIUSDT...
  Analyzing AVAXUSDT...
    AVAXUSDT: Skip — ADX 17.6 < 20 (sideways)
  Analyzing XRPUSDT...
  No signals. Next scan in 5 menit.

[15:00:17] Scan #607 | Mode: scalping
Balance: $6.31 | PnL: $0.00
  Analyzing BTCUSDT...
  Analyzing ETHUSDT...
  Analyzing SOLUSDT...
  Analyzing BNBUSDT...
  Analyzing SUIUSDT...
  Analyzing AVAXUSDT...
    AVAXUSDT: Skip — ADX 17.1 < 20 (sideways)
  Analyzing XRPUSDT...
  No signals. Next scan in 5 menit.

[15:05:27] Scan #608 | Mode: scalping
Balance: $6.31 | PnL: $0.00
  Analyzing BTCUSDT...
  Analyzing ETHUSDT...
  Analyzing SOLUSDT...
  Analyzing BNBUSDT...
  Analyzing SUIUSDT...
  Analyzing AVAXUSDT...
    AVAXUSDT: Skip — ADX 17.1 < 20 (sideways)
  Analyzing XRPUSDT...
  No signals. Next scan in 5 menit.

[15:11:03] Scan #609 | Mode: scalping
Balance: $6.31 | PnL: $0.00
  Analyzing BTCUSDT...
  Analyzing ETHUSDT...
  Analyzing SOLUSDT...
  Analyzing BNBUSDT...
  Analyzing SUIUSDT...
  Analyzing AVAXUSDT...
    AVAXUSDT: Skip — ADX 17.1 < 20 (sideways)
  Analyzing XRPUSDT...
  No signals. Next scan in 5 menit.

[15:16:21] Scan #610 | Mode: scalping
Balance: $6.31 | PnL: $0.00
  Analyzing BTCUSDT...
  Analyzing ETHUSDT...
  Analyzing SOLUSDT...
  Analyzing BNBUSDT...
  Analyzing SUIUSDT...
  Analyzing AVAXUSDT...
    AVAXUSDT: Skip — ADX 17.0 < 20 (sideways)
  Analyzing XRPUSDT...
  No signals. Next scan in 5 menit.

[15:21:29] Scan #611 | Mode: scalping
Balance: $6.31 | PnL: $0.00
  Analyzing BTCUSDT...
  Analyzing ETHUSDT...
  Analyzing SOLUSDT...
  Analyzing BNBUSDT...
  Analyzing SUIUSDT...
  Analyzing AVAXUSDT...
    AVAXUSDT: Skip — ADX 17.4 < 20 (sideways)
  Analyzing XRPUSDT...
  No signals. Next scan in 5 menit.

[15:26:38] Scan #612 | Mode: scalping
Balance: $6.31 | PnL: $0.00
  Analyzing BTCUSDT...
  Analyzing ETHUSDT...
  Analyzing SOLUSDT...
  Analyzing BNBUSDT...
  Analyzing SUIUSDT...
  Analyzing AVAXUSDT...
    AVAXUSDT: Skip — ADX 17.6 < 20 (sideways)
  Analyzing XRPUSDT...
  No signals. Next scan in 5 menit.

[15:31:46] Scan #613 | Mode: scalping
Balance: $6.31 | PnL: $0.00
  Analyzing BTCUSDT...
  Analyzing ETHUSDT...
  Analyzing SOLUSDT...
  Analyzing BNBUSDT...
  Analyzing SUIUSDT...
  Analyzing AVAXUSDT...
    AVAXUSDT: Skip — ADX 18.0 < 20 (sideways)
  Analyzing XRPUSDT...
  No signals. Next scan in 5 menit.

[15:36:54] Scan #614 | Mode: scalping
Balance: $6.31 | PnL: $0.00
  Analyzing BTCUSDT...
  Analyzing ETHUSDT...
  Analyzing SOLUSDT...
  Analyzing BNBUSDT...
  Analyzing SUIUSDT...
  Analyzing AVAXUSDT...
    AVAXUSDT: Skip — ADX 18.0 < 20 (sideways)
  Analyzing XRPUSDT...
  No signals. Next scan in 5 menit.

[15:42:01] Scan #615 | Mode: scalping
Balance: $6.31 | PnL: $0.00
  Analyzing BTCUSDT...
  Analyzing ETHUSDT...
  Analyzing SOLUSDT...
  Analyzing BNBUSDT...
  Analyzing SUIUSDT...
  Analyzing AVAXUSDT...
    AVAXUSDT: Skip — ADX 18.0 < 20 (sideways)
  Analyzing XRPUSDT...
  No signals. Next scan in 5 menit.

[15:47:11] Scan #616 | Mode: scalping
Balance: $6.31 | PnL: $0.00
  Analyzing BTCUSDT...
  Analyzing ETHUSDT...
  Analyzing SOLUSDT...
  Analyzing BNBUSDT...
  Analyzing SUIUSDT...
  Analyzing AVAXUSDT...
    AVAXUSDT: Skip — ADX 18.0 < 20 (sideways)
  Analyzing XRPUSDT...
  No signals. Next scan in 5 menit.

[15:52:19] Scan #617 | Mode: scalping
Balance: $6.31 | PnL: $0.00
  Analyzing BTCUSDT...
  Analyzing ETHUSDT...
  Analyzing SOLUSDT...
  Analyzing BNBUSDT...
  Analyzing SUIUSDT...
  Analyzing AVAXUSDT...
    AVAXUSDT: Skip — ADX 19.0 < 20 (sideways)
  Analyzing XRPUSDT...
  No signals. Next scan in 5 menit.

[15:57:27] Scan #618 | Mode: scalping
Balance: $6.31 | PnL: $0.00
  Analyzing BTCUSDT...
  Analyzing ETHUSDT...
  Analyzing SOLUSDT...
  Analyzing BNBUSDT...
  Analyzing SUIUSDT...
  Analyzing AVAXUSDT...
    AVAXUSDT: Skip — ADX 19.0 < 20 (sideways)
  Analyzing XRPUSDT...
  No signals. Next scan in 5 menit.

[16:02:35] Scan #619 | Mode: scalping
Balance: $6.31 | PnL: $0.00
  Analyzing BTCUSDT...
  Analyzing ETHUSDT...
  Analyzing SOLUSDT...
  Analyzing BNBUSDT...
  Analyzing SUIUSDT...
  Analyzing AVAXUSDT...
    AVAXUSDT: Skip — ADX 18.1 < 20 (sideways)
  Analyzing XRPUSDT...
  No signals. Next scan in 5 menit.

[16:07:43] Scan #620 | Mode: scalping
Balance: $6.31 | PnL: $0.00
  Analyzing BTCUSDT...
  Analyzing ETHUSDT...
  Analyzing SOLUSDT...
  Analyzing BNBUSDT...
  Analyzing SUIUSDT...
  Analyzing AVAXUSDT...
    AVAXUSDT: Skip — ADX 18.1 < 20 (sideways)
  Analyzing XRPUSDT...
  No signals. Next scan in 5 menit.

[16:12:52] Scan #621 | Mode: scalping
Balance: $6.31 | PnL: $0.00
  Analyzing BTCUSDT...
  Analyzing ETHUSDT...
  Analyzing SOLUSDT...
  Analyzing BNBUSDT...
  Analyzing SUIUSDT...
  Analyzing AVAXUSDT...
    AVAXUSDT: Skip — ADX 18.1 < 20 (sideways)
  Analyzing XRPUSDT...
  No signals. Next scan in 5 menit.

[16:18:00] Scan #622 | Mode: scalping
Balance: $6.31 | PnL: $0.00
  Analyzing BTCUSDT...
  Analyzing ETHUSDT...
  Analyzing SOLUSDT...
  Analyzing BNBUSDT...
  Analyzing SUIUSDT...
  Analyzing AVAXUSDT...
    AVAXUSDT: Skip — ADX 17.0 < 20 (sideways)
  Analyzing XRPUSDT...
  No signals. Next scan in 5 menit.

[16:23:09] Scan #623 | Mode: scalping
Balance: $6.31 | PnL: $0.00
  Analyzing BTCUSDT...
  Analyzing ETHUSDT...
  Analyzing SOLUSDT...
  Analyzing BNBUSDT...
  Analyzing SUIUSDT...
  Analyzing AVAXUSDT...
    AVAXUSDT: Skip — ADX 17.0 < 20 (sideways)
  Analyzing XRPUSDT...
  No signals. Next scan in 5 menit.

[16:28:17] Scan #624 | Mode: scalping
Balance: $6.31 | PnL: $0.00
  Analyzing BTCUSDT...
  Analyzing ETHUSDT...
  Analyzing SOLUSDT...
  Analyzing BNBUSDT...
  Analyzing SUIUSDT...
  Analyzing AVAXUSDT...
    AVAXUSDT: Skip — ADX 17.0 < 20 (sideways)
  Analyzing XRPUSDT...
  No signals. Next scan in 5 menit.

[16:33:25] Scan #625 | Mode: scalping
Balance: $6.30 | PnL: $0.00
  Analyzing BTCUSDT...
  Analyzing ETHUSDT...
  Analyzing SOLUSDT...
  Analyzing BNBUSDT...
  Analyzing SUIUSDT...
  Analyzing AVAXUSDT...
    AVAXUSDT: Skip — ADX 17.4 < 20 (sideways)
  Analyzing XRPUSDT...
  No signals. Next scan in 5 menit.

[16:38:33] Scan #626 | Mode: scalping
Balance: $6.31 | PnL: $0.00
  Analyzing BTCUSDT...
  Analyzing ETHUSDT...
  Analyzing SOLUSDT...
  Analyzing BNBUSDT...
  Analyzing SUIUSDT...
  Analyzing AVAXUSDT...
    AVAXUSDT: Skip — ADX 17.4 < 20 (sideways)
  Analyzing XRPUSDT...
  No signals. Next scan in 5 menit.

[16:43:51] Scan #627 | Mode: scalping
Balance: $6.31 | PnL: $0.00
  Analyzing BTCUSDT...
  Analyzing ETHUSDT...
  Analyzing SOLUSDT...
  Analyzing BNBUSDT...
  Analyzing SUIUSDT...
  Analyzing AVAXUSDT...
    AVAXUSDT: Skip — ADX 17.8 < 20 (sideways)
  Analyzing XRPUSDT...
  No signals. Next scan in 5 menit.

[16:48:59] Scan #628 | Mode: scalping
Balance: $6.31 | PnL: $0.00
  Analyzing BTCUSDT...
  Analyzing ETHUSDT...
  Analyzing SOLUSDT...
  Analyzing BNBUSDT...
  Analyzing SUIUSDT...
  Analyzing AVAXUSDT...
  Analyzing XRPUSDT...
  No signals. Next scan in 5 menit.

[16:54:07] Scan #629 | Mode: scalping
Balance: $6.31 | PnL: $0.00
  Analyzing BTCUSDT...
  Analyzing ETHUSDT...
  Analyzing SOLUSDT...
  Analyzing BNBUSDT...
  Analyzing SUIUSDT...
  Analyzing AVAXUSDT...
  Analyzing XRPUSDT...
  No signals. Next scan in 5 menit.

[16:59:15] Scan #630 | Mode: scalping
Balance: $6.31 | PnL: $0.00
  Analyzing BTCUSDT...
  Analyzing ETHUSDT...
  Analyzing SOLUSDT...
  Analyzing BNBUSDT...
  Analyzing SUIUSDT...
  Analyzing AVAXUSDT...
  Analyzing XRPUSDT...
  No signals. Next scan in 5 menit.

[17:04:23] Scan #631 | Mode: scalping
Balance: $6.31 | PnL: $0.00
  Analyzing BTCUSDT...
  Analyzing ETHUSDT...
  Analyzing SOLUSDT...
  Analyzing BNBUSDT...
  Analyzing SUIUSDT...
  Analyzing AVAXUSDT...
  Analyzing XRPUSDT...
  No signals. Next scan in 5 menit.

[17:09:32] Scan #632 | Mode: scalping
Balance: $6.31 | PnL: $0.00
  Analyzing BTCUSDT...
  Analyzing ETHUSDT...
  Analyzing SOLUSDT...
  Analyzing BNBUSDT...
  Analyzing SUIUSDT...
  Analyzing AVAXUSDT...
  Analyzing XRPUSDT...
  No signals. Next scan in 5 menit.

[17:14:41] Scan #633 | Mode: scalping
Balance: $6.31 | PnL: $0.00
  Analyzing BTCUSDT...
  Analyzing ETHUSDT...
  Analyzing SOLUSDT...
  Analyzing BNBUSDT...
  Analyzing SUIUSDT...
  Analyzing AVAXUSDT...
  Analyzing XRPUSDT...
  No signals. Next scan in 5 menit.

[17:19:49] Scan #634 | Mode: scalping
Balance: $6.31 | PnL: $0.00
  Analyzing BTCUSDT...
  Analyzing ETHUSDT...
  Analyzing SOLUSDT...
  Analyzing BNBUSDT...
  Analyzing SUIUSDT...
  Analyzing AVAXUSDT...
  Analyzing XRPUSDT...
  No signals. Next scan in 5 menit.

[17:24:57] Scan #635 | Mode: scalping
Balance: $6.31 | PnL: $0.00
  Analyzing BTCUSDT...
  Analyzing ETHUSDT...
  Analyzing SOLUSDT...
  Analyzing BNBUSDT...
  Analyzing SUIUSDT...
  Analyzing AVAXUSDT...
  Analyzing XRPUSDT...
  No signals. Next scan in 5 menit.

[17:30:06] Scan #636 | Mode: scalping
Balance: $6.31 | PnL: $0.00
  Analyzing BTCUSDT...
  Analyzing ETHUSDT...
  Analyzing SOLUSDT...
  Analyzing BNBUSDT...
  Analyzing SUIUSDT...
  Analyzing AVAXUSDT...
  Analyzing XRPUSDT...
  No signals. Next scan in 5 menit.

[17:35:15] Scan #637 | Mode: scalping
Balance: $6.31 | PnL: $0.00
  Analyzing BTCUSDT...
  Analyzing ETHUSDT...
  Analyzing SOLUSDT...
  Analyzing BNBUSDT...
  Analyzing SUIUSDT...
  Analyzing AVAXUSDT...
  Analyzing XRPUSDT...
  No signals. Next scan in 5 menit.

[17:40:23] Scan #638 | Mode: scalping
Balance: $6.31 | PnL: $0.00
  Analyzing BTCUSDT...
  Analyzing ETHUSDT...
  Analyzing SOLUSDT...
  Analyzing BNBUSDT...
  Analyzing SUIUSDT...
  Analyzing AVAXUSDT...
  Analyzing XRPUSDT...
  No signals. Next scan in 5 menit.

[17:45:31] Scan #639 | Mode: scalping
Balance: $6.31 | PnL: $0.00
  Analyzing BTCUSDT...
  Analyzing ETHUSDT...
  Analyzing SOLUSDT...
  Analyzing BNBUSDT...
  Analyzing SUIUSDT...
  Analyzing AVAXUSDT...
  Analyzing XRPUSDT...
  No signals. Next scan in 5 menit.

[17:50:39] Scan #640 | Mode: scalping
Balance: $6.31 | PnL: $0.00
  Analyzing BTCUSDT...
  Analyzing ETHUSDT...
  Analyzing SOLUSDT...
  Analyzing BNBUSDT...
  Analyzing SUIUSDT...
  Analyzing AVAXUSDT...
  Analyzing XRPUSDT...
  No signals. Next scan in 5 menit.

[17:55:46] Scan #641 | Mode: scalping
Balance: $6.31 | PnL: $0.00
  Analyzing BTCUSDT...
  Analyzing ETHUSDT...
  Analyzing SOLUSDT...
  Analyzing BNBUSDT...
  Analyzing SUIUSDT...
  Analyzing AVAXUSDT...
  Analyzing XRPUSDT...
  No signals. Next scan in 5 menit.

[18:00:54] Scan #642 | Mode: scalping
Balance: $6.31 | PnL: $0.00
  Analyzing BTCUSDT...
  Analyzing ETHUSDT...
  Analyzing SOLUSDT...
  Analyzing BNBUSDT...
  Analyzing SUIUSDT...
  Analyzing AVAXUSDT...
  Analyzing XRPUSDT...
  No signals. Next scan in 5 menit.

[18:06:02] Scan #643 | Mode: scalping
Balance: $6.31 | PnL: $0.00
  Analyzing BTCUSDT...
  Analyzing ETHUSDT...
  Analyzing SOLUSDT...
  Analyzing BNBUSDT...
  Analyzing SUIUSDT...
  Analyzing AVAXUSDT...
  Analyzing XRPUSDT...
  No signals. Next scan in 5 menit.

[18:11:11] Scan #644 | Mode: scalping
Balance: $6.31 | PnL: $0.00
  Analyzing BTCUSDT...
  Analyzing ETHUSDT...
  Analyzing SOLUSDT...
  Analyzing BNBUSDT...
  Analyzing SUIUSDT...
  Analyzing AVAXUSDT...
  Analyzing XRPUSDT...
  No signals. Next scan in 5 menit.

[18:16:20] Scan #645 | Mode: scalping
Balance: $6.30 | PnL: $0.00
  Analyzing BTCUSDT...
  Analyzing ETHUSDT...
  Analyzing SOLUSDT...
  Analyzing BNBUSDT...
  Analyzing SUIUSDT...
  Analyzing AVAXUSDT...
  Analyzing XRPUSDT...
  No signals. Next scan in 5 menit.

[18:21:28] Scan #646 | Mode: scalping
Balance: $6.30 | PnL: $0.00
  Analyzing BTCUSDT...
  Analyzing ETHUSDT...
  Analyzing SOLUSDT...
  Analyzing BNBUSDT...
  Analyzing SUIUSDT...
  Analyzing AVAXUSDT...
  Analyzing XRPUSDT...
  No signals. Next scan in 5 menit.

[18:26:36] Scan #647 | Mode: scalping
Balance: $6.31 | PnL: $0.00
  Analyzing BTCUSDT...
  Analyzing ETHUSDT...
  Analyzing SOLUSDT...
  Analyzing BNBUSDT...
  Analyzing SUIUSDT...
  Analyzing AVAXUSDT...
  Analyzing XRPUSDT...
  No signals. Next scan in 5 menit.

[18:31:43] Scan #648 | Mode: scalping
Balance: $6.30 | PnL: $0.00
  Analyzing BTCUSDT...
  Analyzing ETHUSDT...
  Analyzing SOLUSDT...
  Analyzing BNBUSDT...
  Analyzing SUIUSDT...
  Analyzing AVAXUSDT...
  Analyzing XRPUSDT...
  No signals. Next scan in 5 menit.

[18:36:51] Scan #649 | Mode: scalping
Balance: $6.31 | PnL: $0.00
  Analyzing BTCUSDT...
  Analyzing ETHUSDT...
  Analyzing SOLUSDT...
  Analyzing BNBUSDT...
  Analyzing SUIUSDT...
  Analyzing AVAXUSDT...
  Analyzing XRPUSDT...
  No signals. Next scan in 5 menit.

[18:41:59] Scan #650 | Mode: scalping
Balance: $6.31 | PnL: $0.00
  Analyzing BTCUSDT...
  Analyzing ETHUSDT...
  Analyzing SOLUSDT...
  Analyzing BNBUSDT...
  Analyzing SUIUSDT...
  Analyzing AVAXUSDT...
  Analyzing XRPUSDT...
  No signals. Next scan in 5 menit.

[18:47:09] Scan #651 | Mode: scalping
Balance: $6.31 | PnL: $0.00
  Analyzing BTCUSDT...
  Analyzing ETHUSDT...
  Analyzing SOLUSDT...
  Analyzing BNBUSDT...
  Analyzing SUIUSDT...
  Analyzing AVAXUSDT...
  Analyzing XRPUSDT...
  No signals. Next scan in 5 menit.

[18:52:17] Scan #652 | Mode: scalping
Balance: $6.31 | PnL: $0.00
  Analyzing BTCUSDT...
  Analyzing ETHUSDT...
  Analyzing SOLUSDT...
  Analyzing BNBUSDT...
  Analyzing SUIUSDT...
  Analyzing AVAXUSDT...
  Analyzing XRPUSDT...
  No signals. Next scan in 5 menit.

[18:57:26] Scan #653 | Mode: scalping
Balance: $6.30 | PnL: $0.00
  Analyzing BTCUSDT...
  Analyzing ETHUSDT...
  Analyzing SOLUSDT...
  Analyzing BNBUSDT...
  Analyzing SUIUSDT...
  Analyzing AVAXUSDT...
  Analyzing XRPUSDT...
  No signals. Next scan in 5 menit.

[19:02:34] Scan #654 | Mode: scalping
Balance: $6.30 | PnL: $0.00
  Analyzing BTCUSDT...
  Analyzing ETHUSDT...
  Analyzing SOLUSDT...
  Analyzing BNBUSDT...
  Analyzing SUIUSDT...
  Analyzing AVAXUSDT...
  Analyzing XRPUSDT...
  No signals. Next scan in 5 menit.

[19:07:42] Scan #655 | Mode: scalping
Balance: $6.30 | PnL: $0.00
  Analyzing BTCUSDT...
  Analyzing ETHUSDT...
  Analyzing SOLUSDT...
  Analyzing BNBUSDT...
  Analyzing SUIUSDT...
  Analyzing AVAXUSDT...
  Analyzing XRPUSDT...
  No signals. Next scan in 5 menit.

[19:12:50] Scan #656 | Mode: scalping
Balance: $6.31 | PnL: $0.00
  Analyzing BTCUSDT...
  Analyzing ETHUSDT...
  Analyzing SOLUSDT...
  Analyzing BNBUSDT...
  Analyzing SUIUSDT...
  Analyzing AVAXUSDT...
  Analyzing XRPUSDT...
  No signals. Next scan in 5 menit.

[19:17:58] Scan #657 | Mode: scalping
Balance: $6.31 | PnL: $0.00
  Analyzing BTCUSDT...
  Analyzing ETHUSDT...
  Analyzing SOLUSDT...
  Analyzing BNBUSDT...
  Analyzing SUIUSDT...
  Analyzing AVAXUSDT...
  Analyzing XRPUSDT...
  No signals. Next scan in 5 menit.

[19:23:06] Scan #658 | Mode: scalping
Balance: $6.31 | PnL: $0.00
  Analyzing BTCUSDT...
  Analyzing ETHUSDT...
  Analyzing SOLUSDT...
  Analyzing BNBUSDT...
  Analyzing SUIUSDT...
  Analyzing AVAXUSDT...
  Analyzing XRPUSDT...
  No signals. Next scan in 5 menit.

[19:28:14] Scan #659 | Mode: scalping
Balance: $6.30 | PnL: $0.00
  Analyzing BTCUSDT...
  Analyzing ETHUSDT...
  Analyzing SOLUSDT...
  Analyzing BNBUSDT...
  Analyzing SUIUSDT...
  Analyzing AVAXUSDT...
  Analyzing XRPUSDT...
  No signals. Next scan in 5 menit.

[19:33:22] Scan #660 | Mode: scalping
Balance: $6.31 | PnL: $0.00
  Analyzing BTCUSDT...
  Analyzing ETHUSDT...
  Analyzing SOLUSDT...
  Analyzing BNBUSDT...
  Analyzing SUIUSDT...
  Analyzing AVAXUSDT...
  Analyzing XRPUSDT...
  No signals. Next scan in 5 menit.

[19:38:30] Scan #661 | Mode: scalping
Balance: $6.31 | PnL: $0.00
  Analyzing BTCUSDT...
  Analyzing ETHUSDT...
  Analyzing SOLUSDT...
  Analyzing BNBUSDT...
  Analyzing SUIUSDT...
  Analyzing AVAXUSDT...
  Analyzing XRPUSDT...
  No signals. Next scan in 5 menit.

[19:43:45] Scan #662 | Mode: scalping
Balance: $6.31 | PnL: $0.00
  Analyzing BTCUSDT...
  Analyzing ETHUSDT...
  Analyzing SOLUSDT...
  Analyzing BNBUSDT...
  Analyzing SUIUSDT...
  Analyzing AVAXUSDT...
  Analyzing XRPUSDT...
  No signals. Next scan in 5 menit.

[19:48:59] Scan #663 | Mode: scalping
Balance: $6.31 | PnL: $0.00
  Analyzing BTCUSDT...
  Analyzing ETHUSDT...
  Analyzing SOLUSDT...
  Analyzing BNBUSDT...
  Analyzing SUIUSDT...
  Analyzing AVAXUSDT...
  Analyzing XRPUSDT...
  No signals. Next scan in 5 menit.

[19:54:17] Scan #664 | Mode: scalping
Balance: $6.31 | PnL: $0.00
  Analyzing BTCUSDT...
  Analyzing ETHUSDT...
  Analyzing SOLUSDT...
  Analyzing BNBUSDT...
  Analyzing SUIUSDT...
  Analyzing AVAXUSDT...
  Analyzing XRPUSDT...
  No signals. Next scan in 5 menit.

[19:59:32] Scan #665 | Mode: scalping
Balance: $6.31 | PnL: $0.00
  Analyzing BTCUSDT...
  Analyzing ETHUSDT...
  Analyzing SOLUSDT...
  Analyzing BNBUSDT...
  Analyzing SUIUSDT...
  Analyzing AVAXUSDT...
  Analyzing XRPUSDT...
  No signals. Next scan in 5 menit.

[20:04:47] Scan #666 | Mode: scalping
Balance: $6.31 | PnL: $0.00
  Analyzing BTCUSDT...
  Analyzing ETHUSDT...
  Analyzing SOLUSDT...
  Analyzing BNBUSDT...
  Analyzing SUIUSDT...
  Analyzing AVAXUSDT...
  Analyzing XRPUSDT...
  No signals. Next scan in 5 menit.

[20:09:55] Scan #667 | Mode: scalping
Balance: $6.31 | PnL: $0.00
  Analyzing BTCUSDT...
  Analyzing ETHUSDT...
  Analyzing SOLUSDT...
  Analyzing BNBUSDT...
  Analyzing SUIUSDT...
  Analyzing AVAXUSDT...
  Analyzing XRPUSDT...
  No signals. Next scan in 5 menit.

[20:15:05] Scan #668 | Mode: scalping
Balance: $6.31 | PnL: $0.00
  Analyzing BTCUSDT...
  Analyzing ETHUSDT...
  Analyzing SOLUSDT...
  Analyzing BNBUSDT...
  Analyzing SUIUSDT...
  Analyzing AVAXUSDT...
  Analyzing XRPUSDT...
  No signals. Next scan in 5 menit.

[20:20:14] Scan #669 | Mode: scalping
Balance: $6.31 | PnL: $0.00
  Analyzing BTCUSDT...
  Analyzing ETHUSDT...
  Analyzing SOLUSDT...
  Analyzing BNBUSDT...
  Analyzing SUIUSDT...
  Analyzing AVAXUSDT...
  Analyzing XRPUSDT...
  No signals. Next scan in 5 menit.

[20:25:22] Scan #670 | Mode: scalping
Balance: $6.31 | PnL: $0.00
  Analyzing BTCUSDT...
  Analyzing ETHUSDT...
  Analyzing SOLUSDT...
  Analyzing BNBUSDT...
  Analyzing SUIUSDT...
  Analyzing AVAXUSDT...
  Analyzing XRPUSDT...
  No signals. Next scan in 5 menit.

[20:30:30] Scan #671 | Mode: scalping
Balance: $6.31 | PnL: $0.00
  Analyzing BTCUSDT...
  Analyzing ETHUSDT...
  Analyzing SOLUSDT...
  Analyzing BNBUSDT...
  Analyzing SUIUSDT...
  Analyzing AVAXUSDT...
  Analyzing XRPUSDT...
  No signals. Next scan in 5 menit.

[20:35:38] Scan #672 | Mode: scalping
Balance: $6.31 | PnL: $0.00
  Analyzing BTCUSDT...
  Analyzing ETHUSDT...
  Analyzing SOLUSDT...
  Analyzing BNBUSDT...
  Analyzing SUIUSDT...
  Analyzing AVAXUSDT...
  Analyzing XRPUSDT...
  No signals. Next scan in 5 menit.

[20:40:46] Scan #673 | Mode: scalping
Balance: $6.31 | PnL: $0.00
  Analyzing BTCUSDT...
  Analyzing ETHUSDT...
  Analyzing SOLUSDT...
  Analyzing BNBUSDT...
  Analyzing SUIUSDT...
  Analyzing AVAXUSDT...
  Analyzing XRPUSDT...
  No signals. Next scan in 5 menit.

[20:45:54] Scan #674 | Mode: scalping
Balance: $6.31 | PnL: $0.00
  Analyzing BTCUSDT...
  Analyzing ETHUSDT...
  Analyzing SOLUSDT...
  Analyzing BNBUSDT...
  Analyzing SUIUSDT...
  Analyzing AVAXUSDT...
  Analyzing XRPUSDT...
  No signals. Next scan in 5 menit.

[20:51:02] Scan #675 | Mode: scalping
Balance: $6.31 | PnL: $0.00
  Analyzing BTCUSDT...
  Analyzing ETHUSDT...
  Analyzing SOLUSDT...
  Analyzing BNBUSDT...
  Analyzing SUIUSDT...
  Analyzing AVAXUSDT...
  Analyzing XRPUSDT...
  No signals. Next scan in 5 menit.

[20:56:12] Scan #676 | Mode: scalping
Balance: $6.31 | PnL: $0.00
  Analyzing BTCUSDT...
  Analyzing ETHUSDT...
  Analyzing SOLUSDT...
  Analyzing BNBUSDT...
  Analyzing SUIUSDT...
  Analyzing AVAXUSDT...
  Analyzing XRPUSDT...
  No signals. Next scan in 5 menit.

[21:01:21] Scan #677 | Mode: scalping
Balance: $6.31 | PnL: $0.00
  Analyzing BTCUSDT...
  Analyzing ETHUSDT...
  Analyzing SOLUSDT...
  Analyzing BNBUSDT...
  Analyzing SUIUSDT...
  Analyzing AVAXUSDT...
  Analyzing XRPUSDT...
  No signals. Next scan in 5 menit.

[21:06:31] Scan #678 | Mode: scalping
Balance: $6.31 | PnL: $0.00
  Analyzing BTCUSDT...
  Analyzing ETHUSDT...
  Analyzing SOLUSDT...
  Analyzing BNBUSDT...
  Analyzing SUIUSDT...
  Analyzing AVAXUSDT...
  Analyzing XRPUSDT...
  No signals. Next scan in 5 menit.

[21:11:39] Scan #679 | Mode: scalping
Balance: $6.30 | PnL: $0.00
  Analyzing BTCUSDT...
  Analyzing ETHUSDT...
  Analyzing SOLUSDT...
  Analyzing BNBUSDT...
  Analyzing SUIUSDT...
  Analyzing AVAXUSDT...
  Analyzing XRPUSDT...
  No signals. Next scan in 5 menit.

[21:16:55] Scan #680 | Mode: scalping
Balance: $6.31 | PnL: $0.00
  Analyzing BTCUSDT...
  Analyzing ETHUSDT...
  Analyzing SOLUSDT...
  Analyzing BNBUSDT...
  Analyzing SUIUSDT...
  Analyzing AVAXUSDT...
  Analyzing XRPUSDT...
  No signals. Next scan in 5 menit.

[21:22:05] Scan #681 | Mode: scalping
Balance: $6.31 | PnL: $0.00
  Analyzing BTCUSDT...
  Analyzing ETHUSDT...
  Analyzing SOLUSDT...
    SOLUSDT: Skip — ADX 19.1 < 20 (sideways)
  Analyzing BNBUSDT...
  Analyzing SUIUSDT...
  Analyzing AVAXUSDT...
  Analyzing XRPUSDT...
  No signals. Next scan in 5 menit.

[21:27:12] Scan #682 | Mode: scalping
Balance: $6.31 | PnL: $0.00
  Analyzing BTCUSDT...
  Analyzing ETHUSDT...
  Analyzing SOLUSDT...
    SOLUSDT: Skip — ADX 19.1 < 20 (sideways)
  Analyzing BNBUSDT...
  Analyzing SUIUSDT...
  Analyzing AVAXUSDT...
  Analyzing XRPUSDT...
  No signals. Next scan in 5 menit.

[21:32:21] Scan #683 | Mode: scalping
Balance: $6.31 | PnL: $0.00
  Analyzing BTCUSDT...
  Analyzing ETHUSDT...
  Analyzing SOLUSDT...
    SOLUSDT: Skip — ADX 18.0 < 20 (sideways)
  Analyzing BNBUSDT...
  Analyzing SUIUSDT...
  Analyzing AVAXUSDT...
  Analyzing XRPUSDT...
  No signals. Next scan in 5 menit.

[21:37:30] Scan #684 | Mode: scalping
Balance: $6.31 | PnL: $0.00
  Analyzing BTCUSDT...
  Analyzing ETHUSDT...
  Analyzing SOLUSDT...
    SOLUSDT: Skip — ADX 18.7 < 20 (sideways)
  Analyzing BNBUSDT...
  Analyzing SUIUSDT...
  Analyzing AVAXUSDT...
  Analyzing XRPUSDT...
  No signals. Next scan in 5 menit.

[21:42:38] Scan #685 | Mode: scalping
Balance: $6.31 | PnL: $0.00
  Analyzing BTCUSDT...
  Analyzing ETHUSDT...
  Analyzing SOLUSDT...
    SOLUSDT: Skip — ADX 19.9 < 20 (sideways)
  Analyzing BNBUSDT...
  Analyzing SUIUSDT...
  Analyzing AVAXUSDT...
  AVAXUSDT: LONG SIGNAL! HTF=BULLISH ADX=23.01
  AVAXUSDT: Executing...
  Analyzing XRPUSDT...

[21:47:57] Scan #686 | Mode: scalping
Balance: $6.17 | PnL: $-0.32
  Analyzing BTCUSDT...
  Analyzing ETHUSDT...
  Analyzing SOLUSDT...
  Analyzing BNBUSDT...
  Analyzing SUIUSDT...
  Analyzing AVAXUSDT...
    AVAXUSDT: Skip — ADX 18.5 < 20 (sideways)
  Analyzing XRPUSDT...
  No signals. Next scan in 5 menit.

[21:53:04] Scan #687 | Mode: scalping
Balance: $6.17 | PnL: $-0.47
  Analyzing BTCUSDT...
  Analyzing ETHUSDT...
  Analyzing SOLUSDT...
  Analyzing BNBUSDT...
  Analyzing SUIUSDT...
  Analyzing AVAXUSDT...
    AVAXUSDT: Skip — ADX 18.5 < 20 (sideways)
  Analyzing XRPUSDT...
  No signals. Next scan in 5 menit.

[21:58:14] Scan #688 | Mode: scalping
Balance: $6.17 | PnL: $-1.94
  Analyzing BTCUSDT...
  Analyzing ETHUSDT...
  Analyzing SOLUSDT...
  Analyzing BNBUSDT...
  Analyzing SUIUSDT...
  Analyzing AVAXUSDT...
    AVAXUSDT: Skip — ADX 18.4 < 20 (sideways)
  Analyzing XRPUSDT...
  No signals. Next scan in 5 menit.

[22:03:22] Scan #689 | Mode: scalping
Balance: $3.36 | PnL: $0.00
  Analyzing BTCUSDT...
  Analyzing ETHUSDT...
  Analyzing SOLUSDT...
    SOLUSDT: Skip — ADX 19.0 < 20 (sideways)
  Analyzing BNBUSDT...
  Analyzing SUIUSDT...
  Analyzing AVAXUSDT...
    AVAXUSDT: Skip — ADX 15.3 < 20 (sideways)
  Analyzing XRPUSDT...
  No signals. Next scan in 5 menit.

[22:08:31] Scan #690 | Mode: scalping
Balance: $3.36 | PnL: $0.00
  Analyzing BTCUSDT...
  Analyzing ETHUSDT...
  Analyzing SOLUSDT...
    SOLUSDT: Skip — ADX 18.9 < 20 (sideways)
  Analyzing BNBUSDT...
  Analyzing SUIUSDT...
  Analyzing AVAXUSDT...
    AVAXUSDT: Skip — ADX 15.5 < 20 (sideways)
  Analyzing XRPUSDT...
  No signals. Next scan in 5 menit.

[22:13:40] Scan #691 | Mode: scalping
Balance: $3.36 | PnL: $0.00
  Analyzing BTCUSDT...
  Analyzing ETHUSDT...
  Analyzing SOLUSDT...
    SOLUSDT: Skip — ADX 18.9 < 20 (sideways)
  Analyzing BNBUSDT...
  Analyzing SUIUSDT...
  Analyzing AVAXUSDT...
    AVAXUSDT: Skip — ADX 15.5 < 20 (sideways)
  Analyzing XRPUSDT...
  No signals. Next scan in 5 menit.

[22:18:48] Scan #692 | Mode: scalping
Balance: $3.36 | PnL: $0.00
  Analyzing BTCUSDT...
  Analyzing ETHUSDT...
  Analyzing SOLUSDT...
    SOLUSDT: Skip — ADX 18.7 < 20 (sideways)
  Analyzing BNBUSDT...
  Analyzing SUIUSDT...
  Analyzing AVAXUSDT...
    AVAXUSDT: Skip — ADX 13.0 < 20 (sideways)
  Analyzing XRPUSDT...
  No signals. Next scan in 5 menit.
